,Accession,BioProjects,BioSample accession,Completeness,Gene count,Geographic Location,Geographic Region,Host Common Name,Host Infraspecific Names Breed,Host Infraspecific Names Cultivar,Host Infraspecific Names Ecotype,Host Infraspecific Names Isolate,Host Infraspecific Names Sex,Host Infraspecific Names Strain,Host Name,Host Pangolin Classification,Host Taxonomic ID,Is Annotated,Is Complete,Is Lab Host,Is Vaccine Strain,Isolate Collection date,Isolate Lineage,Isolate Lineage source,Lab Host,Length,Mature peptide count,Molecule type,Nucleotide completeness,Protein count,Purpose of Sampling,Release date,Source database,SRA Accessions,Submitter Affiliation,Submitter Country,Submitter Names,Update date,Virus Common Name,Virus Infraspecific Names Breed,Virus Infraspecific Names Cultivar,Virus Infraspecific Names Ecotype,Virus Infraspecific Names Isolate,Virus Infraspecific Names Sex,Virus Infraspecific Names Strain,Virus Name,Virus Pangolin Classification,Virus Taxonomic ID
0,Y11023.2,,,PARTIAL,,,,,,,,,,,Phaseolus vulgaris,,3885.0,True,,,,,,,,2561,,,,4.0,,1997-07-28T00:00:00Z,GenBank,,"J. Stanley, John Innes Institute, Norwich Research Park, Colney, Norwich, NR4 7UH",,"Liu,L.,van Tonder,T.,Pietersen,G.,Davies,J.W.,Stanley,J.",2013-04-04T00:00:00Z,,,,,,,,Bean yellow dwarf virus,,57119
2,X94330.1,,,COMPLETE,,Reunion,Africa,,,,,,,,Zea mays,,4577.0,True,,,,,,,,2685,,,,7.0,,1995-12-20T00:00:00Z,GenBank,,"M. Peterschmitt, CIRAD, CA, 2477, Avenue du Val de Montferrand, BP 5035, 34032 Montpellier Cedex 1",France,"Peterschmitt,M.,Granier,M.,Frutos,R.,Reynaud,B.",2005-02-09T00:00:00Z,,,,,,,,Maize streak virus - [Reunion2],,268315
30,PQ034624.1,,,PARTIAL,,"Philippines: Bukidnon, Mindanao",Asia,,,,,,,,Zea mays subsp. mays,,381124.0,True,,,,2023-08,MSVPH24-I8,,,1233,,,,1.0,,2024-07-22T00:00:00Z,GenBank,,"University of the Philippines, National Crop Protection Center, College of Agriculture and Food Science",Philippines,"Perez,N.A.M.,Pinili,M.S.",2024-07-22T00:00:00Z,,,,,,,,Maize streak virus,,10821
31,PP992780.1,,,COMPLETE,,Serbia,Europe,,,,,,,,Triticum aestivum,,4565.0,True,,,,2017,P1-17,,,2749,,,,4.0,,2024-07-14T00:00:00Z,GenBank,,"University of Belgrade-Faculty of Agriculture, Department of Phythopathology",Serbia,"Stankovic,I.,Zecevic,K.,Ristic,D.,Vucurovic,I.,Krstic,B.",2024-07-14T00:00:00Z,,,,,,,,Wheat dwarf virus,,10834
54,PP840304.1,,,COMPLETE,,Cameroon,Africa,,,,,,,,Saccharum officinarum,,4547.0,True,,,,2022-05,Cam3-REPA,plant leaf,,2755,,,,4.0,,2024-06-04T00:00:00Z,GenBank,,"CIRAD, BIOS",France,"Daugrois,J.H.,Ahondopke,B.,Galzi,S.,Julian,C.,Filloux,D.,Rott,P.C.,Roumagnac,P.",2024-06-04T00:00:00Z,,,,,,,,Sugarcane chlorotic streak virus,,1919062
59,PP723012.1,,,PARTIAL,,Iran,Asia,,,,,,,,Triticum aestivum,,4565.0,,,,,2023-05-08,Razan,,,787,,,,,,2024-05-07T00:00:00Z,GenBank,,"Bu- Ali Sina University, Plant Protection",Iran,"Tajook,F.,Pakdel,A.",2024-05-07T00:00:00Z,,,,,,,,Wheat dwarf virus,,10834
62,PP579965.1,,,PARTIAL,,"Philippines: (Koronadal, South Cotabato)",Asia,,,,,,,,Zea mays,,4577.0,True,,,,2023-08,PHIL-South Cotabato Kd2023,,,1208,,,,2.0,,2024-04-16T00:00:00Z,GenBank,,"University of the Philppines Los Banos, Institute of Weed Science, Entomology and Plant Pathology, College of Agriculture and Food Science",Philippines,"Domalanta,J.C.,Sta Cruz,F.C.,Nieto,F.G.M.",2024-04-16T00:00:00Z,,,,,,,,Maize streak virus,,10821
63,PP579964.1,,,PARTIAL,,"Philippines: (Lake Sebu, South Cotabato)",Asia,,,,,,,,Zea mays,,4577.0,True,,,,2023-08,PHIL-South Cotabato LS2023,,,1208,,,,2.0,,2024-04-16T00:00:00Z,GenBank,,"University of the Philppines Los Banos, Institute of Weed Science, Entomology and Plant Pathology, College of Agriculture and Food Science",Philippines,"Domalanta,J.C.,Sta Cruz,F.C.,Abrazado,A.F.",2024-04-16T00:00:00Z,,,,,,,,Maize streak virus,,10821
64,PP579963.1,,,PARTIAL,,"Philippines: (Carmen, North Cotabato)",Asia,,,,,,,,Zea mays,,4577.0,True,,,,2023-08,PHIL-North Cotabato Cm2023,,,1208,,,,2.0,,2024-04-16T00:00:00Z,GenBank,,"University of the Philppines Los Banos, Institute of Weed Science, Entomology and Plant Pathology, College of Agriculture and Food Science",Philippines,"Domalanta,J.C.,Sta Cruz,F.C.,Abrazado,A.F.",2024-04-16T00:00:00Z,,,,,,,,Maize streak virus,,10821
65,PP579962.1,,,PARTIAL,,"Philippines: (Alamada, North Cotabato)",Asia,,,,,,,,Zea mays,,4577.0,True,,,,2023-08,PHIL-North Cotabato Al2023,,,1208,,,,2.0,,2024-04-16T00:00:00Z,GenBank,,"University of the Philppines Los Banos, Institute of Weed Science, Entomology and Plant Pathology, College of Agriculture and Food Science",Philippines,"Domalanta,J.C.,Sta Cruz,F.C.,Abrazado,A.F.",2024-04-16T00:00:00Z,,,,,,,,Maize streak virus,,10821
66,PP468567.1,,,PARTIAL,,"Philippines: (Dalwangan) Malaybalay, Bukidnon",Asia,,,,,,,,Zea mays,,4577.0,True,,,,2023-08,PHIL-Bukidnon Mlb2023,,,1208,,,,2.0,,2024-03-18T00:00:00Z,GenBank,,"University of the Philppines Los Banos, Institute of Weed Science, Entomology and Plant Pathology, College of Agriculture and Food Science",Philippines,"Sta Cruz,F.C.,Domalanta,J.C.,Nieto,F.G.M.",2024-03-18T00:00:00Z,,,,,,,,Maize streak virus,,10821
67,PP468566.1,,,PARTIAL,,"Philippines: Impasug-ong, Bukidnon",Asia,,,,,,,,Zea mays,,4577.0,True,,,,2023-08,PHIL-Bukidnon Imp2023,,,1208,,,,2.0,,2024-03-18T00:00:00Z,GenBank,,"University of the Philppines Los Banos, Institute of Weed Science, Entomology and Plant Pathology, College of Agriculture and Food Science",Philippines,"Sta Cruz,F.C.,Domalanta,J.C.,Nieto,F.G.M.",2024-03-18T00:00:00Z,,,,,,,,Maize streak virus,,10821
68,PP468565.1,,,PARTIAL,,"Philippines: Sumilao, Bukidnon",Asia,,,,,,,,Zea mays,,4577.0,True,,,,2023-08,PHIL-Bukidnon Sum2023,,,1208,,,,2.0,,2024-03-18T00:00:00Z,GenBank,,"University of the Philppines Los Banos, Institute of Weed Science, Entomology and Plant Pathology, College of Agriculture and Food Science",Philippines,"Sta Cruz,F.C.,Domalanta,J.C.,Nieto,F.G.M.",2024-03-18T00:00:00Z,,,,,,,,Maize streak virus,,10821
69,PP461403.1,,,COMPLETE,,Ecuador,South America,,,,,,,,Sorghum halepense,,4560.0,,,,,2021-08,Santa_Ana-Jg_2021,,,2882,,,,,,2024-03-16T00:00:00Z,GenBank,,"ESPOL, CIBE",Ecuador,"Quito-Avila,D.",2024-03-16T00:00:00Z,,,,,,,,Sorghum arundinaceum associated virus,,2596883
70,OR983352.1,,,PARTIAL,,Philippines,Asia,,,,,,,,Zea mays,,4577.0,True,,,,2023-08,PHIL-South Cotabato GS2023,,,1208,,,,2.0,,2024-01-07T00:00:00Z,GenBank,,"University of the Philppines Los Banos, Institute of Weed Science, Entomology and Plant Pathology, College of Agriculture and Food Science",Philippines,"Sta. Cruz,F.C.,Domalanta,J.C.,Nieto,F.G.M.",2024-01-07T00:00:00Z,,,,,,,,Maize streak virus,,10821
72,OR782949.1,,,PARTIAL,,South Korea,Asia,,,,,,,,Ipomoea batatas,,4120.0,True,,,,2023-08-18,JNH,,,370,,,,1.0,,2023-11-18T00:00:00Z,GenBank,,"Seoul Women's University, Plant Virus GenBank",,"Bang,Y.H.,Song,E.G.,Ryu,K.H.",2023-11-18T00:00:00Z,,,,,,,,Sweet potato symptomless virus 1,,603333
74,OR596401.1,,,COMPLETE,,France:Pellissane,Europe,,,,,,,,Dactylis glomerata,,4509.0,True,,,,2018-07-01,7-N1-9,plant leaf,,2878,,,,4.0,,2023-10-25T00:00:00Z,GenBank,,"CIRAD, BIOS",France,"Moubset,O.,Filloux,D.,Fontes,H.,Julian,C.,Fernandez,E.,Galzi,S.,Blondin,L.,Ben Chehida,S.,Lett,J.M.,Mesleard,F.,Kraberger,S.,Custer,J.,Salywon,A.,Makings,E.,Marais,A.,Candresse,T.,Lefeuvre,P.,Martin,D.P.,Varsani,A.,Chiroleu,F.,Ravigne,V.,Roumagnac,P.",2023-10-25T00:00:00Z,,,,,,,,Sorghum arundinaceum associated virus,,2596883
75,OR360839.1,,,COMPLETE,,"Iran: Kerman province, Jiroft",Asia,,,,,,,,,,,True,,,,2021-07-03,CpCDV-Ker[IR:Jir:W-ses-1:Wjut:21],plant leaf,,2571,,,,4.0,,2023-10-03T00:00:00Z,GenBank,,"Shahid Bahonar University of Kerman, Plant Protection",Iran,"Salari,K.,Heydarnejad,J.,Massumi,H.",2023-10-03T00:00:00Z,,,,,,,,Chickpea chlorotic dwarf virus,,463360
77,OR282788.1,,,COMPLETE,,China,Asia,,,,,,,,Zea mays,,4577.0,True,,,,2022-06,Hainan-3,plant leaf,,2781,,,,4.0,,2023-09-20T00:00:00Z,GenBank,,"Institute of Nanfan &Seed Industry, Guangdong Academy of Sciences, Hainan Breeding Research base",China,"Qin,Y.,Chang,H.,Wang,J.,Wang,Q.",2023-09-20T00:00:00Z,,,,,,,,Wheat dwarf India virus,,1174526
80,OR258402.1,,,COMPLETE,,Burkina Faso,Africa,,,,,,,,Oryza sativa,,4530.0,True,,,,2017,17TG05 Contig844_MP1_B01_4132,,,2688,,,,3.0,,2024-08-06T00:00:00Z,GenBank,,"Institut de Recherche pour le Developpement, Plant Health Institute of Montpellier",France,"Fouad,N.M.I.,Barro,M.,Bangratz,M.,Sereme,D.,Filloux,D.,Fernandez,E.,Julian,C.,Saibou,N.,Kassankogno,A.I.,Guigma,A.K.,Roumagnac,P.,Wonni,I.,Tollenaere,C.,Poulicard,N.",2024-08-06T00:00:00Z,,,,,,,,Maize streak virus,,10821
98,OQ923238.1,,,COMPLETE,,Pakistan: Multan,Asia,,,,,,,,Gossypium hirsutum,,3635.0,True,,,,2020,CpCDV_MU_CO_20.1,,,2560,,,,4.0,,2024-06-18T00:00:00Z,GenBank,,"The University of Arizona, Plant Sciences",,"Keith,C.V.,Iqbal,M.J.,Brown,J.K.",2024-06-18T00:00:00Z,,,,,,,,Chickpea chlorotic dwarf virus,,463360
99,OQ832059.1,,,PARTIAL,,Benin,Africa,,,,,,,,Ipomoea batatas,,4120.0,True,,,,2021-04-19,RB098,,,216,,,,1.0,,2023-10-24T00:00:00Z,GenBank,,"LaPAPP, Phytopathologie",Benin,"Chabi,N.K.A.",2023-10-24T00:00:00Z,,,,,,,,Sweet potato symptomless virus 1,,603333
109,OQ451142.1,,,COMPLETE,,France: Reunion,Europe,,,,,,,,Urochloa decumbens,,240449.0,True,,,,2021-04-27,Reunion-Colimacons-Urochloa decumbens-21_REU_E0807_L,,,2837,,,,4.0,,2024-02-15T00:00:00Z,GenBank,,"Cirad, UMR PVBMT",France,"Ben Chehida,S.,Hoareau,M.,Moubset,O.,Otron,D.,Ouattara,A.,Julian,C.,Blondin,L.,Filloux,D.,Lavergne,C.,Roumagnac,P.,Varsani,A.,Martin,D.P.,Lett,J.-M.,Lefeuvre,P.",2024-02-15T00:00:00Z,,,,,,,,Urochloa decumbens associated virus,,3064186
114,OQ230451.1,,,PARTIAL,,Turkey: Kirsehir,Asia,,,,,,,,Hordeum vulgare,,4513.0,True,,,,2019,KRSH-I41,,,878,,,,3.0,,2023-06-11T00:00:00Z,GenBank,,"Directorate of Plant Protection Central Research Institute, Plant Protection",,"Morca,A.F.",2023-06-11T00:00:00Z,,,,,,,,Wheat dwarf virus,,10834
115,OQ211465.1,,,COMPLETE,,France:Reunion,Europe,,,,,,,,Dactyloctenium,,160544.0,True,,,,2017-04-18,Reunion-Bassin Plat-Dactyloctenium aegyptium-RE768_3e,,,2735,,,,4.0,,2023-07-29T00:00:00Z,GenBank,,"Cirad, UMR PVBMT",France,"Claverie,S.,Hoareau,M.,Chehida,S.B.,Filloux,D.,Varsani,A.,Roumagnac,P.,Martin,D.P.,Lett,J.M.,Lefeuvre,P.,Lett,J.-M.",2023-07-29T00:00:00Z,,,,,,,,Sugarcane streak Reunion virus,,78395
163,OQ190468.1,,,PARTIAL,,Turkey: Konya,Asia,,,,,,,,Triticum aestivum,,4565.0,True,,,,2019,KNY-I38,,,889,,,,3.0,,2023-06-11T00:00:00Z,GenBank,,"Directorate of Plant Protection Central Research Institute, Plant Protection",,"Morca,A.F.",2023-06-11T00:00:00Z,,,,,,,,Wheat dwarf virus,,10834
164,OQ183230.1,,,PARTIAL,,Turkey: Ankara,Asia,,,,,,,,Hordeum vulgare,,4513.0,True,,,,2020,ANK-I76,,,878,,,,3.0,,2023-06-11T00:00:00Z,GenBank,,"Directorate of Plant Protection Central Research Institute, Plant Protection",,"Morca,A.F.",2023-06-11T00:00:00Z,,,,,,,,Wheat dwarf virus,,10834
167,OQ102044.1,,,COMPLETE,,Nigeria: Ibadan,Africa,,,,,,,,Zea mays,,4577.0,True,,,,,DSMZ PV-1103,,,2689,,,,4.0,,2023-06-06T00:00:00Z,GenBank,,"Leibniz Institute DSMZ - German Collection of Microorganisms and Cell Cultures, Plant Virus Department",Germany,"Knierim,D.,Margaria,P.,Menzel,W.,Winter,S.",2023-06-06T00:00:00Z,,,,,,,,Maize streak virus,,10821
171,OP811251.1,,,COMPLETE,,Argentina,South America,,,,,,,,Zea mays,,4577.0,True,,,,2021-04-23,Hel21,,,2746,,,,4.0,,2023-05-13T00:00:00Z,GenBank,,"INTA, Instituto de Patologia Vegetal",Argentina,"Ruiz Posse,A.M.,Fernandez,F.D.,Reina,P.G.,Nome,C.F.,Torrico,A.K.,Gimenez Pecci,Mdl.P.,Rodriguez Pardina,P.",2023-05-13T00:00:00Z,,,,,,,,Maize striate mosaic virus,,2025388
172,ON527002.1,,,COMPLETE,,Spain,Europe,,,,,,,,Ipomoea batatas,,4120.0,True,,,,2018,Spain-Malaga_B14_7-2018,,,2578,,,,5.0,,2022-09-05T00:00:00Z,GenBank,,"Instituto de Hortofruticultura Subtropical y Mediterranea 'La Mayora', Consejo Superior de Investigaciones Cientificas, Proteccion Vegetal",Spain,"Fiallo-Olive,E.,Garcia-Merenciano,A.C.,Navas-Castillo,J.",2022-09-05T00:00:00Z,,,,,,,,Sweet potato symptomless virus 1,,603333
182,ON246242.1,,,PARTIAL,,Tunisia,Africa,,,,,,,,,,,True,,,,2020,Kp2-20,,,1122,,,,3.0,,2024-01-30T00:00:00Z,GenBank,,"INRAT, laboratoire biotechnologie appliquee a l agriculture",Tunisia,"Zaagueri,T.,Vaira,A.M.,Accotto,G.P.,Mnari-Hattab,M.,Mnari -Hattab,M.",2024-01-30T00:00:00Z,,,,,,,,Chickpea chlorotic dwarf virus,,463360
184,ON193630.1,,,COMPLETE,,Ethiopia,Africa,,,,,,,,Zea mays,,4577.0,True,,,,2019,MSV-A_ET_BS44_2019,,,2685,,,,3.0,,2022-10-08T00:00:00Z,GenBank,,"University of Cape Town, IBMS",South Africa,"Ketsela,D.,Oyeniran,K.A.,Feyissa,B.,Fontenele,R.S.,Kraberger,S.,Varsani,A.,Bekele,B.,Martin,D.P.",2022-10-08T00:00:00Z,,,,,,,,Maize streak virus,,10821
244,OM735809.1,,,PARTIAL,,Tunisia: Teboulba,Africa,,,,,,,,,,,True,,,,2020-12,Pi7-20 L,,,1082,,,,3.0,,2022-05-02T00:00:00Z,GenBank,,"Inrat, Laboratoire Biotechnologie Appliquee a L Agriculture",Tunisia,"Mnari-Hattab,M.,Zaagueri,T.,Accotto,G.P.,Vaira,A.M.,Mnari -Hattab,M.",2022-05-02T00:00:00Z,,,,,,,,Chickpea chlorotic dwarf virus,,463360
245,OM735808.1,,,PARTIAL,,Tunisia: Kairouan,Africa,,,,,,,,,,,True,,,,2019-11,Pi2-2-019,,,1139,,,,3.0,,2022-05-02T00:00:00Z,GenBank,,"Inrat, Laboratoire Biotechnologie Appliquee a L Agriculture",Tunisia,"Mnari-Hattab,M.,Zaagueri,T.,Accotto,G.P.,Vaira,A.M.,Mnari -Hattab,M.",2022-05-02T00:00:00Z,,,,,,,,Chickpea chlorotic dwarf virus,,463360
246,OM387012.1,,,PARTIAL,,Morocco,Africa,,,,,,,,Citrullus lanatus subsp. vulgaris,,260674.0,True,,,,2019,S1Pa1,,,505,,,,1.0,,2022-10-31T00:00:00Z,GenBank,,"Faculty of Science and Technology, Biology",Morocco,"Radouane,N.,Lahlali,R.,Darif,M.,Ezrari,S.,Benjelloun,M.,Belabess,Z.,Barka,E.A.,Tahiri,A.",2022-10-31T00:00:00Z,,,,,,,,Chickpea chlorotic dwarf virus,,463360
256,NC_075436.1,PRJNA485481,,COMPLETE,,Brazil,South America,,,,,,,,Zea mays,,4577.0,True,,,,2016,MSMV_BR_974_Pla_2016,,,2746,,,,4.0,,2023-05-04T00:00:00Z,RefSeq,,"National Center for Biotechnology Information, NIH",USA,"Fontenele,R.S.,Alves-Freitas,D.M.T.,Silva,P.I.T.,Foresti,J.,Silva,P.R.,Godinho,M.T.,Varsani,A.,Ribeiro,S.G.,Tanno,P.I.,Freitas,D.M.T.A.",2023-05-05T00:00:00Z,,,,,,,,Maize striate mosaic virus,,2025388
257,NC_075432.1,PRJNA485481,,COMPLETE,,Australia,Oceania,,,,,,,,Oryza sp.,,52841.0,True,,,,2015-05,AU-NA67-2015,,,2756,,,,4.0,,2023-05-04T00:00:00Z,RefSeq,,"National Center for Biotechnology Information, NIH",USA,"Kraberger,S.,Geering,A.D.W.,Walters,M.,Martin,D.P.,Varsani,A.",2023-05-05T00:00:00Z,,,,,,,,Rice latent virus 1,,2012856
259,NC_075110.1,PRJNA485481,,COMPLETE,,Kenya,Africa,,,,,,,,Ipomoea batatas,,4120.0,True,,,,2005-07-15,Q44429,,,2602,,,,5.0,,2023-05-04T00:00:00Z,RefSeq,,"National Center for Biotechnology Information, NIH",USA,,2023-05-05T00:00:00Z,,,,,,,,Sweet potato symptomless virus 1,,603333
261,NC_075106.1,PRJNA485481,,COMPLETE,,Puerto Rico,North America,,,,,,,,,,,True,,,,2009-11-24,PR_NZ50_2009,,,2649,,,,4.0,,2023-05-04T00:00:00Z,RefSeq,,"National Center for Biotechnology Information, NIH",USA,"Rosario,K.,Padilla-Rodriguez,M.,Kraberger,S.,Stainton,D.,Martin,D.P.,Breitbart,M.,Varsani,A.",2023-05-05T00:00:00Z,,,,,,,,Dragonfly-associated mastrevirus,,1249648
262,NC_075086.1,PRJNA485481,,COMPLETE,,Turkey:Tekirdag,Asia,,,,,,,,Hordeum vulgare,,4513.0,True,,,,,Barley,,,2739,,,,4.0,,2023-05-04T00:00:00Z,RefSeq,,"National Center for Biotechnology Information, NIH",USA,"Koklu,G.,Ramsell,J.N.,Kvarnheden,A.",2023-05-05T00:00:00Z,,,,,,,,Wheat dwarf virus,,10834
266,NC_055519.1,PRJNA485481,,COMPLETE,,Ethiopia: Adama Zuria,Africa,,,,,,,,Zea mays,,4577.0,True,,,,2016-07,MSDV-MV-1,,,2842,,,,4.0,,2021-06-01T00:00:00Z,RefSeq,,"National Center for Biotechnology Information, NIH",USA,"Guadie,D.,Tesfaye,K.,Knierim,D.,Winter,S.,Abraham,A.",2021-06-07T00:00:00Z,,,,,,,,Maize streak dwarfing virus,,2557970
271,NC_035179.1,PRJNA485481,,COMPLETE,,USA,North America,,,,,,,,Saccharum officinarum,,4547.0,True,,,,2014,SCStV_GP_TC9-3_2013,,,2749,,,,4.0,,2017-07-15T00:00:00Z,RefSeq,,"National Center for Biotechnology Information, NIH",USA,"Wardatou,B.,Roumagnac,P.,Filloux,D.,Alcala-Briseno,R.I.,Kraberger,S.,Fernandez,E.,Daugrois,J.-H.,Martin,D.P.,Lett,J.-M.,Comstock,J.C.,Varsani,A.,Polston,J.E.,Rott,P.",2018-08-13T00:00:00Z,,,,,,,,Sugarcane striate virus,,1868659
272,NC_034630.1,PRJNA485481,,COMPLETE,,Taiwan,Asia,,,,,,,,Ipomoea batatas,,4120.0,True,,,,2000-08-29,Z01057b,,,2886,,,,5.0,,2017-05-24T00:00:00Z,RefSeq,,"National Center for Biotechnology Information, NIH",USA,"Cao,M.,Lan,P.,Li,F.,Abad,J.,Zhou,C.,Li,R.",2018-08-13T00:00:00Z,,,,,,,,Sweet potato symptomless virus 1,,603333
273,NC_032004.1,PRJNA485481,,COMPLETE,,Nigeria,Africa,,,,,,,,Saccharum officinarum,,4547.0,True,,,,2015,Sc10-SR-1,plant leaf,,2757,,,,5.0,,2016-12-06T00:00:00Z,RefSeq,,"National Center for Biotechnology Information, NIH",USA,"Yahaya,A.,Dangora,D.B.,Alegbejo,M.D.,Kumar,P.L.,Alabi,O.J.",2018-08-13T00:00:00Z,,,,,,,,Sugarcane chlorotic streak virus,,1919062
274,NC_025834.1,PRJNA485481,,COMPLETE,,"USA: Urbana, IL",North America,,,,,,,,Panicum virgatum,,38727.0,True,,,,2012-08-05,Cloud Nine,,,2739,,,,4.0,,2014-12-10T00:00:00Z,RefSeq,,"National Center for Biotechnology Information, NIH",USA,"Agindotan,B.O.,Domier,L.L.,Bradley,C.A.",2018-08-13T00:00:00Z,,,,,,,,Switchgrass mosaic-associated virus 1,,1571533
275,NC_025475.1,PRJNA485481,,COMPLETE,,Pakistan,Asia,,,,,,,,Cicer arietinum,,3827.0,True,,,,2010,CpYDV-PK_PK103_2012,,,2547,,,,4.0,,2014-11-17T00:00:00Z,RefSeq,,"National Center for Biotechnology Information, NIH",USA,"Kraberger,S.,Mumtaz,H.H.,Briddon,R.W.,Martin,D.P.,Varsani,A.",2018-08-13T00:00:00Z,,,,,,,,Chickpea yellow dwarf virus,,1568974
276,NC_023989.1,PRJNA485481,,COMPLETE,,Sudan,Africa,,,,,,,,Saccharum officinarum,,4547.0,True,,,,2013-12-15,SSNV-B [SD-B0069-2013],plant leaf,,2830,,,,4.0,,2014-04-14T00:00:00Z,RefSeq,,"National Center for Biotechnology Information, NIH",USA,"Candresse,T.,Filloux,D.,Muhire,B.,Julian,C.,Galzi,S.,Fort,G.,Bernardo,P.,Daugrois,J.H.,Fernandez,E.,Martin,D.P.,Varsani,A.,Roumagnac,P.",2018-08-13T00:00:00Z,,,,,,,,Sugarcane white streak virus,,1492296
286,NC_017828.1,PRJNA485481,,COMPLETE,,India,Asia,,,,,,,,Triticum aestivum,,4565.0,True,,,,2010-06,,plant leaf,,2783,,,,4.0,,2012-05-03T00:00:00Z,RefSeq,,"National Center for Biotechnology Information, NIH",USA,"Kumar,J.,Singh,S.P.,Tuli,R.",2018-08-13T00:00:00Z,,,,,,,,Wheat dwarf India virus,,1174526
287,NC_015553.1,PRJNA485481,,COMPLETE,,Namibia,Africa,,,,,,,,Eragrostis minor,,110886.0,True,,,,2009,,,,2689,,,,4.0,,2011-05-20T00:00:00Z,RefSeq,,"National Center for Biotechnology Information, NIH",USA,"Varsani,A.,Linderme,D.,Lefeuvre,P.,Martin,D.P.",2018-08-13T00:00:00Z,,,,,,,,Eragrostis minor streak virus,,1030595
292,NC_013464.1,PRJNA485481,,COMPLETE,,South Africa: KwaZulu-Natal,Africa,,,,,,,,Saccharum,,4546.0,True,,,,2008,SacSV_ZA_Emp_T1_2008,,,2744,,,,3.0,,2009-11-04T00:00:00Z,RefSeq,,"National Center for Biotechnology Information, NIH",USA,"Lawry,R.,Martin,D.P.,Shepherd,D.N.,van Antwerpen,T.,Varsani,A.",2018-08-13T00:00:00Z,,,,,,,,Saccharum streak virus,,683179
293,NC_011058.1,PRJNA485481,,COMPLETE,,Pakistan:Layyah,Asia,,,,,,,,Cicer arietinum,,3827.0,True,,,,2007,,,,2584,,,,4.0,,2008-07-18T00:00:00Z,RefSeq,,"National Center for Biotechnology Information, NIH",USA,"Nahid,N.,Amin,I.,Mansoor,S.,Rybicki,E.P.,van der Walt,E.,Briddon,R.W.",2018-08-13T00:00:00Z,,,,,,,,Chickpea chlorotic dwarf virus,,463360
294,NC_010799.1,PRJNA485481,,COMPLETE,,Germany:Saxony-Anhalt,Europe,,,,,,,,Avena sativa,,4498.0,True,,,,2006,SxA25,,,2740,,,,4.0,,2008-06-03T00:00:00Z,RefSeq,,"National Center for Biotechnology Information, NIH",USA,"Schubert,J.,Habekuss,A.,Kazmaier,K.,Jeske,H.",2018-08-13T00:00:00Z,,,,,,,,Oat dwarf virus,,497863
295,NC_010797.1,PRJNA485481,,COMPLETE,,Nigeria: Ejigbo,Africa,,,,,,,,,,,True,,,,2007,USV-NEji2,,,2736,,,,3.0,,2008-06-02T00:00:00Z,RefSeq,,"University of Cape Town, Electron Microscope Unit",South Africa,"Oluwafemi,S.,Varsani,A.,Monjane,A.L.,Shepherd,D.N.,Owor,B.E.,Rybicki,E.P.,Martin,D.P.",2018-08-13T00:00:00Z,,,,,,,,Urochloa streak virus,,520848
296,NC_010352.1,PRJNA485481,,COMPLETE,,Zimbabwe: Guruve,Africa,,,,,,,,Eragrostis curvula,,38414.0,True,,,,2007-01,ESV[ZmGur],,,2746,,,,3.0,,2008-02-20T00:00:00Z,RefSeq,,"National Center for Biotechnology Information, NIH",USA,"Shepherd,D.N.,Varsani,A.,Windram,O.P.,Lefeuvre,P.,Monjane,A.L.,Owor,B.E.,Martin,D.P.,Shepherd,D.,Martin,D.,Windram,O.,Monjane,A.,Owor,B.",2018-08-13T00:00:00Z,,,,,,,,Eragrostis streak virus,,496807
302,NC_003326.1,PRJNA485481,,COMPLETE,,Sweden,Europe,,,,,,,,Triticum aestivum,,4565.0,True,,,,,Enkoping1,,,2750,,,,4.0,,2001-12-19T00:00:00Z,RefSeq,,"National Center for Biotechnology Information, NIH",USA,"Kvarnheden,A.,Lindblad,M.,Lindsten,K.,Valkonen,J.P.",2018-08-13T00:00:00Z,,,,,,,,Wheat dwarf virus,,10834
308,MZ852895.1,,,COMPLETE,,Mexico,North America,,,,,,,,Zea mays,,4577.0,True,,,,2017,P2E2S76,,,2760,,,,4.0,,2022-02-22T00:00:00Z,GenBank,,"Iowa State University, Plant Pathology and Microbiology",USA,"Lappe,R.,Elmore,M.G.,Lozier,Z.,Jander,G.,Miller,W.A.,Whitham,S.A.",2022-02-22T00:00:00Z,,,,,,,,North American maize-associated mastrevirus,,2918789
309,MZ285898.1,,,COMPLETE,,Morocco: Zagora province,Africa,,,,,,,,Citrullus lanatus,,3654.0,True,,,,2017,MO-Zagora-12,,,2571,,,,4.0,,2022-05-24T00:00:00Z,GenBank,,"CNR - National Research Council of Italy, Institute for Sustainable Plant Protection (IPSP-CNR)",Italy,"Radouane,N.,Ezrari,S.,Accotto,G.P.,Benjelloun,M.,Lahlali,R.,Tahiri,A.,Vaira,A.M.,Pierro,R.",2022-05-24T00:00:00Z,,,,,,,,Chickpea chlorotic dwarf virus,,463360
310,MW700264.1,,,COMPLETE,,France: Montpellier,Europe,,,,,,,,Digitaria setigera,,158097.0,True,,,,2010-01-13,Montpellier 2010,plant leaf,,2692,,,,2.0,,2021-11-01T00:00:00Z,GenBank,,"University of Malaga, Cell Biology, Genetics and Physiology Department",Spain,"Ortega-Del Campo,S.,Grigoras,I.,Timchenko,T.,Gronenborn,B.,Grande-Perez,A.,Ortega-del Campo,S.",2021-11-01T00:00:00Z,,,,,,,,Digitaria streak virus,,10837
332,MW700242.1,,,COMPLETE,,Italy: Turin,Europe,,,,,,,,Digitaria setigera,,158097.0,True,,,,2008-06-17,Accotto 2008,plant leaf,,2700,,,,4.0,,2021-11-01T00:00:00Z,GenBank,,"University of Malaga, Cell Biology, Genetics and Physiology Department",Spain,"Ortega-Del Campo,S.,Grigoras,I.,Timchenko,T.,Gronenborn,B.,Grande-Perez,A.,Ortega-del Campo,S.",2021-11-01T00:00:00Z,,,,,,,,Digitaria streak virus,,10837
352,MW700222.1,,,COMPLETE,,France: Gif-sur-Yvette,Europe,,,,,,,,Digitaria setigera,,158097.0,True,,,,2008-06-10,FTA-B1,,,2692,,,,2.0,,2021-11-01T00:00:00Z,GenBank,,"University of Malaga, Cell Biology, Genetics and Physiology Department",Spain,"Ortega-Del Campo,S.,Grigoras,I.,Timchenko,T.,Gronenborn,B.,Grande-Perez,A.,Ortega-del Campo,S.",2021-11-01T00:00:00Z,,,,,,,,Digitaria streak virus,,10837
490,MW407988.1,,,COMPLETE,,Jordan: Al Mafraq,Asia,,,,,,,,Citrullus lanatus subsp. vulgaris,,260674.0,True,,,,2019,Jo,,,2571,,,,4.0,,2021-05-23T00:00:00Z,GenBank,,"Faculty of Agricultural Technology, Al-Balqa Applied University, Department of Biotechnology",Jordan,"Al Taleb,M.M.,Haj Ahmad,F.W.,Vaira,A.M.,Noris,E.,Miozzi,L.,Anfoka,G.H.,Accotto,G.P.",2021-05-23T00:00:00Z,,,,,,,,Chickpea chlorotic dwarf virus,,463360
497,MW387508.1,,,PARTIAL,,Turkey: Yozgat,Asia,,,,,,,,Triticum aestivum,,4565.0,True,,,,2020,YZG-I57,,,889,,,,3.0,,2021-10-05T00:00:00Z,GenBank,,"Directorate of Plant Protection Central Research Institut, Virology Department",Turkey,"Morca,A.F.,Coskan,S.",2021-10-05T00:00:00Z,,,,,,,,Wheat dwarf virus,,10834
503,MW387502.1,,,PARTIAL,,Turkey: Afyon,Asia,,,,,,,,Triticum aestivum,,4565.0,True,,,,2020,AFY-I54,,,888,,,,3.0,,2021-10-05T00:00:00Z,GenBank,,"Directorate of Plant Protection Central Research Institut, Virology Department",Turkey,"Morca,A.F.,Coskan,S.",2021-10-05T00:00:00Z,,,,,,,,Wheat dwarf virus,,10834
504,MW381791.1,,,PARTIAL,,Turkey: Nevsehir,Asia,,,,,,,,Hordeum vulgare,,4513.0,True,,,,2020,NVS-I56,,,877,,,,3.0,,2021-10-05T00:00:00Z,GenBank,,"Directorate of Plant Protection Central Research Institut, Virology Department",Turkey,"Morca,A.F.,Coskan,S.",2021-10-05T00:00:00Z,,,,,,,,Wheat dwarf virus,,10834
508,MW176037.1,,,PARTIAL,,Ukraine,Europe,,,,,,,,Triticum aestivum,,4565.0,True,,,,2020,MIP-12-Ukr,,,705,,,,1.0,,2022-03-20T00:00:00Z,GenBank,,"ESC 'Institute of Biology and Medicine', Taras Shevchenko National University of Kyiv, Virology",Ukraine,"Mishchenko,L.T.,Dunich,A.A.,Smertenko,A.P.",2022-03-20T00:00:00Z,,,,,,,,Wheat dwarf virus,,10834
510,MT859304.1,,,COMPLETE,,"China: Hechi City, Guangxi",Asia,,,,,,,,Saccharum officinarum,,4547.0,True,,,,2019-01-22,SStrV-GX-HC77,,,2744,,,,4.0,,2021-11-08T00:00:00Z,GenBank,,"Guangxi University, College of Life Science and Technology",China,"Lin,Y.,Zhang,L.,Shen,Y.,Hu,X.,Wen,R.,Chen,B.",2021-11-08T00:00:00Z,,,,,,,,Sugarcane striate virus,,1868659
511,MT859303.1,,,COMPLETE,,"China: Kaiyuan City, Yunnan",Asia,,,,,,,,Saccharum,,4546.0,True,,,,2019-06-17,SStrV-YN-KY886,,,2746,,,,4.0,,2021-11-08T00:00:00Z,GenBank,,"Guangxi University, College of Life Science and Technology",China,"Lin,Y.,Zhang,L.,Shen,Y.,Hu,X.,Wen,R.,Chen,B.",2021-11-08T00:00:00Z,,,,,,,,Sugarcane striate virus,,1868659
567,MT859247.1,,,COMPLETE,,"China: Yvxi City, Yunnan",Asia,,,,,,,,Saccharum sp.,,15819.0,True,,,,2019-06-21,SStrV-YN-YJ769,,,2746,,,,4.0,,2021-11-08T00:00:00Z,GenBank,,"Guangxi University, College of Life Science and Technology",China,"Lin,Y.,Zhang,L.,Shen,Y.,Hu,X.,Wen,R.,Chen,B.",2021-11-08T00:00:00Z,,,,,,,,Sugarcane striate virus,,1868659
578,MT859236.1,,,COMPLETE,,"China: Xishuangbanna Dai Autonomous Prefecture, Yunnan",Asia,,,,,,,,Saccharum sp.,,15819.0,True,,,,2019-06-19,SStrV-YN-MH714,,,2745,,,,4.0,,2021-11-08T00:00:00Z,GenBank,,"Guangxi University, College of Life Science and Technology",China,"Lin,Y.,Zhang,L.,Shen,Y.,Hu,X.,Wen,R.,Chen,B.",2021-11-08T00:00:00Z,,,,,,,,Sugarcane striate virus,,1868659
589,MT859225.1,,,COMPLETE,,"China: Neijiang City, Sichuan",Asia,,,,,,,,Saccharum hybrid cultivar NCo 376,,664940.0,True,,,,2019-06-13,SStrV-SC-ZZ1395,,,2745,,,,4.0,,2021-11-08T00:00:00Z,GenBank,,"Guangxi University, College of Life Science and Technology",China,"Lin,Y.,Zhang,L.,Shen,Y.,Hu,X.,Wen,R.,Chen,B.",2021-11-08T00:00:00Z,,,,,,,,Sugarcane striate virus,,1868659
605,MT859209.1,,,COMPLETE,,"China: Fuzhou City, Fujian",Asia,,,,,,,,Saccharum rufipilum,,908848.0,True,,,,2019-07-01,SStrV-FJ-FZ508,,,2746,,,,4.0,,2021-11-08T00:00:00Z,GenBank,,"Guangxi University, College of Life Science and Technology",China,"Lin,Y.,Zhang,L.,Shen,Y.,Hu,X.,Wen,R.,Chen,B.",2021-11-08T00:00:00Z,,,,,,,,Sugarcane striate virus,,1868659
633,MT859181.1,,,COMPLETE,,"China: Qingyuan City, Guangdong",Asia,,,,,,,,Saccharum officinarum,,4547.0,True,,,,2019-06-28,SStrV-GD-YD365,,,2747,,,,4.0,,2021-11-08T00:00:00Z,GenBank,,"Guangxi University, College of Life Science and Technology",China,"Lin,Y.,Zhang,L.,Shen,Y.,Hu,X.,Wen,R.,Chen,B.",2021-11-08T00:00:00Z,,,,,,,,Sugarcane striate virus,,1868659
649,MT859165.1,,,COMPLETE,,"China: Lingao County, Hainan",Asia,,,,,,,,Saccharum officinarum,,4547.0,True,,,,2019-06-03,SStrV-HN-LG35,,,2746,,,,4.0,,2021-11-08T00:00:00Z,GenBank,,"Guangxi University, College of Life Science and Technology",China,"Lin,Y.,Zhang,L.,Shen,Y.,Hu,X.,Wen,R.,Chen,B.",2021-11-08T00:00:00Z,,,,,,,,Sugarcane striate virus,,1868659
655,MT859159.1,,,COMPLETE,,"China: Dongfang City, Hainan",Asia,,,,,,,,Saccharum,,4546.0,True,,,,2019-06-05,SStrV-HN-BQ40,,,2744,,,,4.0,,2021-11-08T00:00:00Z,GenBank,,"Guangxi University, College of Life Science and Technology",China,"Lin,Y.,Zhang,L.,Shen,Y.,Hu,X.,Wen,R.,Chen,B.",2021-11-08T00:00:00Z,,,,,,,,Sugarcane striate virus,,1868659
657,MT613321.1,,,PARTIAL,,"India: IARI, New Delhi",Asia,,,,,,,,,,,True,,,,,CPV-VEG1,,,607,,,,1.0,,2021-02-28T00:00:00Z,GenBank,,"IARI New Delhi, Plant Pathology",India,"Reddy,M.G.,Baranwal,V.K.,Sagar,D.,Rao,G.P.",2021-02-28T00:00:00Z,,,,,,,,Chickpea chlorotic dwarf virus,,463360
659,MT460909.1,,,PARTIAL,,Poland:Strzelce,Europe,,,,,,,,Triticum aestivum,,4565.0,True,,,,2013-05,WDV-Strz,,,783,,,,1.0,,2020-11-08T00:00:00Z,GenBank,,"Institute of Plant Protection-National Research Institute, Virology and Bacteriology",Poland,"Trzmiel,K.,Hasiow-Jaroszewska,B.",2020-11-08T00:00:00Z,,,,,,,,Wheat dwarf virus,,10834
660,MT438693.1,,,PARTIAL,,Tanzania,Africa,,,,,,,,Zea mays,,4577.0,True,,,,2016-05,MSRV Morogoro19-TZA,,,439,,,,1.0,,2021-07-23T00:00:00Z,GenBank,,"The Ohio State University, Plant Pathology",USA,"Massawe,D.P.",2021-07-23T00:00:00Z,,,,,,,,Maize streak Reunion virus,,1182518
662,MT395671.1,,,PARTIAL,,India: Karnataka,Asia,,,,,,,,Cicer arietinum,,3827.0,True,,,,2019-02-19,CPV-K3,plant leaf,,577,,,,1.0,,2021-02-28T00:00:00Z,GenBank,,"IARI New Delhi, Plant Pathology",India,"Reddy,M.G.,Baranwal,V.K.,Sagar,D.,Rao,G.P.",2021-02-28T00:00:00Z,,,,,,,,Chickpea chlorotic dwarf virus,,463360
664,MT395669.1,,,PARTIAL,,India: Andhra Pradesh,Asia,,,,,,,,Aeschynomene virginica,,108276.0,True,,,,2019-12-27,AV-N3,plant leaf,,542,,,,1.0,,2021-02-28T00:00:00Z,GenBank,,"IARI New Delhi, Plant Pathology",India,"Reddy,M.G.,Baranwal,V.K.,Sagar,D.,Rao,G.P.",2021-02-28T00:00:00Z,,,,,,,,Chickpea chlorotic dwarf virus,,463360
665,MT395668.1,,,PARTIAL,,India: Madhya Pradesh,Asia,,,,,,,,Cicer arietinum,,3827.0,True,,,,2019-02-17,CPV-JB3,plant leaf,,560,,,,1.0,,2021-02-28T00:00:00Z,GenBank,,"IARI New Delhi, Plant Pathology",India,"Reddy,M.G.,Baranwal,V.K.,Sagar,D.,Rao,G.P.",2021-02-28T00:00:00Z,,,,,,,,Chickpea chlorotic dwarf virus,,463360
666,MT395667.1,,,PARTIAL,,India: Rajasthan,Asia,,,,,,,,Cicer arietinum,,3827.0,True,,,,2019-02-26,CPV-U5,plant leaf,,552,,,,1.0,,2021-02-28T00:00:00Z,GenBank,,"IARI New Delhi, Plant Pathology",India,"Reddy,M.G.,Baranwal,V.K.,Sagar,D.,Rao,G.P.",2021-02-28T00:00:00Z,,,,,,,,Chickpea chlorotic dwarf virus,,463360
668,MT395665.1,,,PARTIAL,,India: Telangana,Asia,,,,,,,,Cicer arietinum,,3827.0,True,,,,,CPV-T6,plant leaf,,562,,,,1.0,,2021-02-28T00:00:00Z,GenBank,,"IARI New Delhi, Plant Pathology",India,"Reddy,M.G.,Baranwal,V.K.,Sagar,D.,Rao,G.P.",2021-02-28T00:00:00Z,,,,,,,,Chickpea chlorotic dwarf virus,,463360
670,MT395663.1,,,PARTIAL,,"India: Uttar Pradesh, Meerut",Asia,,,,,,,,Cicer arietinum,,3827.0,True,,,,2019-02-19,CPV-M8,plant leaf,,569,,,,1.0,,2021-02-28T00:00:00Z,GenBank,,"IARI New Delhi, Plant Pathology",India,"Reddy,M.G.,Baranwal,V.K.,Sagar,D.,Rao,G.P.",2021-02-28T00:00:00Z,,,,,,,,Chickpea chlorotic dwarf virus,,463360
672,MT395661.1,,,PARTIAL,,India: New Delhi,Asia,,,,,,,,Cicer arietinum,,3827.0,True,,,,,CPV-ND8,plant leaf,,607,,,,1.0,,2021-02-28T00:00:00Z,GenBank,,"IARI New Delhi, Plant Pathology",India,"Reddy,M.G.,Baranwal,V.K.,Sagar,D.,Rao,G.P.",2021-02-28T00:00:00Z,,,,,,,,Chickpea chlorotic dwarf virus,,463360
674,MT395659.1,,,PARTIAL,,India: U.P,Asia,,,,,,,,Brassica nigra,,3710.0,True,,,,,BNV-UP8,plant leaf,,585,,,,1.0,,2021-02-28T00:00:00Z,GenBank,,"IARI New Delhi, Plant Pathology",India,"Reddy,M.G.,Baranwal,V.K.,Sagar,D.,Rao,G.P.",2021-02-28T00:00:00Z,,,,,,,,Chickpea chlorotic dwarf virus,,463360
684,MT349405.1,,,PARTIAL,,"India: Rajasthan, Ganganagar",Asia,,,,,,,,Cicer arietinum,,3827.0,True,,,,2019-03-06,CPV-RG3,plant leaf,,568,,,,1.0,,2021-02-28T00:00:00Z,GenBank,,"IARI New Delhi, Plant Pathology",India,"Reddy,M.G.,Baranwal,V.K.,Sagar,D.,Rao,G.P.",2021-02-28T00:00:00Z,,,,,,,,Chickpea chlorotic dwarf virus,,463360
686,MT349403.1,,,PARTIAL,,"India: Andhra Pradesh, Proddatur",Asia,,,,,,,,Cicer arietinum,,3827.0,True,,,,2019-01-14,CPV-APK3,plant leaf,,580,,,,1.0,,2021-02-28T00:00:00Z,GenBank,,"IARI New Delhi, Plant Pathology",India,"Reddy,M.G.,Baranwal,V.K.,Sagar,D.,Rao,G.P.",2021-02-28T00:00:00Z,,,,,,,,Chickpea chlorotic dwarf virus,,463360
688,MT349401.1,,,PARTIAL,,"India: Gujarat, Junagadh",Asia,,,,,,,,Cicer arietinum,,3827.0,True,,,,2020-01-21,CPV-GJ13,plant leaf,,569,,,,1.0,,2021-02-28T00:00:00Z,GenBank,,"IARI New Delhi, Plant Pathology",India,"Reddy,M.G.,Baranwal,V.K.,Sagar,D.,Rao,G.P.",2021-02-28T00:00:00Z,,,,,,,,Chickpea chlorotic dwarf virus,,463360
690,MT349399.1,,,PARTIAL,,"India: Andhra Pradesh, Nandyal",Asia,,,,,,,,Cicer arietinum,,3827.0,True,,,,2019-01-11,CPV-N7,plant leaf,,566,,,,1.0,,2021-02-28T00:00:00Z,GenBank,,"IARI New Delhi, Plant Pathology",India,"Reddy,M.G.,Baranwal,V.K.,Sagar,D.,Rao,G.P.",2021-02-28T00:00:00Z,,,,,,,,Chickpea chlorotic dwarf virus,,463360
692,MT349397.1,,,PARTIAL,,"India: New Delhi, IARI",Asia,,,,,,,,Cicer arietinum,,3827.0,True,,,,2019-03-18,CPV-ND8,plant leaf,,565,,,,1.0,,2021-02-28T00:00:00Z,GenBank,,"IARI New Delhi, Plant Pathology",India,"Reddy,M.G.,Baranwal,V.K.,Sagar,D.,Rao,G.P.",2021-02-28T00:00:00Z,,,,,,,,Chickpea chlorotic dwarf virus,,463360
694,MT349395.1,,,PARTIAL,,"India: Uttar Pradesh, Kanpur",Asia,,,,,,,,Cicer arietinum,,3827.0,True,,,,2019-03-19,CPV-UP10,plant leaf,,585,,,,1.0,,2021-02-28T00:00:00Z,GenBank,,"IARI New Delhi, Plant Pathology",India,"Reddy,M.G.,Baranwal,V.K.,Sagar,D.,Rao,G.P.",2021-02-28T00:00:00Z,,,,,,,,Chickpea chlorotic dwarf virus,,463360
696,MT349393.1,,,PARTIAL,,"India: Madhya Pradesh, Indore",Asia,,,,,,,,Cicer arietinum,,3827.0,True,,,,2020-02-01,CPV-MP6,plant leaf,,566,,,,1.0,,2021-02-28T00:00:00Z,GenBank,,"IARI New Delhi, Plant Pathology",India,"Reddy,M.G.,Baranwal,V.K.,Sagar,D.,Rao,G.P.",2021-02-28T00:00:00Z,,,,,,,,Chickpea chlorotic dwarf virus,,463360
698,MT349391.1,,,PARTIAL,,"India: Uttar Pradesh,Kanpur",Asia,,,,,,,,Lens culinaris,,3864.0,True,,,,2019-03-19,LV-UP5,plant leaf,,585,,,,1.0,,2021-02-28T00:00:00Z,GenBank,,"IARI New Delhi, Plant Pathology",India,"Reddy,M.G.,Baranwal,V.K.,Sagar,D.,Rao,G.P.",2021-02-28T00:00:00Z,,,,,,,,Chickpea chlorotic dwarf virus,,463360
703,MT339220.1,,,PARTIAL,,"India: A.P., Nandyal",Asia,,,,,,,,Cicer arietinum,,3827.0,True,,,,2019-12-27,CPPR-N16,plant leaf,,542,,,,1.0,,2020-11-15T00:00:00Z,GenBank,,"IARI New Delhi, Division of Plant Pathology",India,"Reddy,M.G.,Rao,G.P.",2020-11-15T00:00:00Z,,,,,,,,Chickpea chlorotic dwarf virus,,463360
709,MT339214.1,,,PARTIAL,,"India: A.P., Kurnool",Asia,,,,,,,,Cicer arietinum,,3827.0,True,,,,2019-12-16,CPV-N24,plant leaf,,542,,,,1.0,,2020-11-15T00:00:00Z,GenBank,,"IARI New Delhi, Division of Plant Pathology",India,"Reddy,M.G.,Rao,G.P.",2020-11-15T00:00:00Z,,,,,,,,Chickpea chlorotic dwarf virus,,463360
713,MT339210.1,,,PARTIAL,,"India: A.P., Proddatur",Asia,,,,,,,,Cicer arietinum,,3827.0,True,,,,2019-12-24,CPV-P13,plant leaf,,548,,,,1.0,,2020-11-15T00:00:00Z,GenBank,,"IARI New Delhi, Division of Plant Pathology",India,"Reddy,M.G.,Rao,G.P.",2020-11-15T00:00:00Z,,,,,,,,Chickpea chlorotic dwarf virus,,463360
718,MT210149.1,,,PARTIAL,,Zambia,Africa,,,,,,,,Zea mays,,4577.0,True,,,,2019-02-16,ZARI 82,,,1147,,,,2.0,,2020-06-15T00:00:00Z,GenBank,,"Zambia Agriculture Research Institute, Plant Pathology",Zambia,"Tembo,M.,Adediji,A.O.,Bouvaine,S.,Chikoti,P.C.,Seal,S.E.,Silva,G.,Seal,S.",2022-03-04T00:00:00Z,,,,,,,,Maize streak virus,,10821
727,MN699955.1,,,COMPLETE,,"Iran: Kerman, Rabor",Asia,,,,,,,,Cicer arietinum,,3827.0,True,,,,2016-05-20,IR:Rab:15:chi:16,plant leaf,,2567,,,,4.0,,2020-07-25T00:00:00Z,GenBank,,"Shahid Bahonar University of Kerman, Plant Protection",Iran,"Askari,F.,Heydarnejad,J.",2020-07-25T00:00:00Z,,,,,,,,Chickpea chlorotic dwarf virus,,463360
728,MN688644.1,,,COMPLETE,,"Iran:Chaharmahal and Bakhtiari,Shahrekord",Asia,,,,,,,,Hordeum vulgare,,4513.0,True,,,,2016-04-21,SH1-HB,plant leaf,,2733,,,,4.0,,2020-07-25T00:00:00Z,GenBank,,"Shahid Bahonar University of Kerman, Plant Protection",Iran,"Pouramini,N.,Heydarnejad,J.",2020-07-25T00:00:00Z,,,,,,,,Wheat dwarf virus,,10834
730,MN594281.1,,,COMPLETE,,France,Europe,,,,,,,,Triticum aestivum,,4565.0,True,,,,2011,w1,,,2750,,,,3.0,,2020-02-02T00:00:00Z,GenBank,,"INRA, UMR INRA-CIRAD-Montpellier SupAgro BGPI",France,"Abt,I.,Souquet,M.,Angot,G.,Mabon,R.,Dallot,S.,Thebaud,G.,Jacquot,E.",2020-02-02T00:00:00Z,,,,,,,,Wheat dwarf virus,,10834
738,MN453813.1,,,PARTIAL,,Sweden: Skara,Europe,,,,,,,,Lolium,,4520.0,True,,,,2012,WDV-E[SE:ryegrass:2012],,,1162,,,,2.0,,2020-10-13T00:00:00Z,GenBank,,"Swedish University of Agricultural Sciences, Department of Plant Biology",,"Yazdkhasti,E.,Hopkins,R.,Kvarnheden,A.",2020-10-13T00:00:00Z,,,,,,,,Wheat dwarf virus,,10834
739,MN428869.1,,,PARTIAL,,Rwanda,Africa,,,,,,,,Zea mays,,4577.0,True,,,,2015,Rwanda 31,,,2586,,,,5.0,,2020-04-28T00:00:00Z,GenBank,,"USDA-ARS, Corn Soybean Wheat Quality Research Unit",USA,"Asiimwe,T.,Stewart,L.R.,Willie,K.,Massawe,D.P.,Kamatenesi,J.,Redinbaugh,M.G.",2020-04-28T00:00:00Z,,,,,,,,Maize streak virus,,10821
822,MK641863.1,,,COMPLETE,,"Iran: Noor abad, Lorestan",Asia,,,,,,,,Lens culinaris,,3864.0,True,,,,2016,IR:Lor:Len215:16,,,2571,,,,4.0,,2020-02-08T00:00:00Z,GenBank,,"University of Tehran, Department of Plant Protection",Iran,"Shahmohammadi,N.,Dizadji,A.,Bihamta,M.R.,Kvarnheden,A.",2020-02-08T00:00:00Z,,,,,,,,Chickpea chlorotic dwarf virus,,463360
824,MK641861.1,,,COMPLETE,,Iran: Kashan,Asia,,,,,,,,Vicia faba,,3906.0,True,,,,2016,IR:Kas:Fab144:16,,,2571,,,,4.0,,2020-02-08T00:00:00Z,GenBank,,"University of Tehran, Department of Plant Protection",Iran,"Shahmohammadi,N.,Dizadji,A.,Bihamta,M.R.,Kvarnheden,A.",2020-02-08T00:00:00Z,,,,,,,,Chickpea chlorotic dwarf virus,,463360
825,MK641860.1,,,COMPLETE,,"Iran: Shahin Dezh, West Azerbaijan",Asia,,,,,,,,Cicer arietinum,,3827.0,True,,,,2016,IR:Sha:Chi91:16,,,2572,,,,4.0,,2020-02-08T00:00:00Z,GenBank,,"University of Tehran, Department of Plant Protection",Iran,"Shahmohammadi,N.,Dizadji,A.,Bihamta,M.R.,Kvarnheden,A.",2020-02-08T00:00:00Z,,,,,,,,Chickpea chlorotic dwarf virus,,463360
826,MK641859.1,,,COMPLETE,,"Iran: Miandoab, West Azerbaijan",Asia,,,,,,,,Cicer arietinum,,3827.0,True,,,,2016,IR:Mia:Chi13:16,,,2571,,,,4.0,,2020-02-08T00:00:00Z,GenBank,,"University of Tehran, Department of Plant Protection",Iran,"Shahmohammadi,N.,Dizadji,A.,Bihamta,M.R.,Kvarnheden,A.",2020-02-08T00:00:00Z,,,,,,,,Chickpea chlorotic dwarf virus,,463360
828,MK641857.1,,,COMPLETE,,"Iran: Aleshtar, Lorestan",Asia,,,,,,,,Cicer arietinum,,3827.0,True,,,,2016,IR:Lor:Chi573:16,,,2569,,,,4.0,,2020-02-08T00:00:00Z,GenBank,,"University of Tehran, Department of Plant Protection",Iran,"Shahmohammadi,N.,Dizadji,A.,Bihamta,M.R.,Kvarnheden,A.",2020-02-08T00:00:00Z,,,,,,,,Chickpea chlorotic dwarf virus,,463360
830,MK641855.1,,,COMPLETE,,"Iran: Neyasar, Kashan",Asia,,,,,,,,Vicia faba,,3906.0,True,,,,2016,IR:Kas:Fab54:16,,,2570,,,,4.0,,2020-02-08T00:00:00Z,GenBank,,"University of Tehran, Department of Plant Protection",Iran,"Shahmohammadi,N.,Dizadji,A.,Bihamta,M.R.,Kvarnheden,A.",2020-02-08T00:00:00Z,,,,,,,,Chickpea chlorotic dwarf virus,,463360
834,MK641851.1,,,COMPLETE,,"Iran: Qasr-e Shirin, Kermanshah",Asia,,,,,,,,Cicer arietinum,,3827.0,True,,,,2016,IR:Ker:Chi439:16,,,2571,,,,4.0,,2020-02-08T00:00:00Z,GenBank,,"University of Tehran, Department of Plant Protection",Iran,"Shahmohammadi,N.,Dizadji,A.,Bihamta,M.R.,Kvarnheden,A.",2020-02-08T00:00:00Z,,,,,,,,Chickpea chlorotic dwarf virus,,463360
836,MK641849.1,,,COMPLETE,,"Iran: Eslamabad-e Gharb, Kermanshah",Asia,,,,,,,,Cicer arietinum,,3827.0,True,,,,2016,IR:Ker:Chi500:16,,,2570,,,,4.0,,2020-02-08T00:00:00Z,GenBank,,"University of Tehran, Department of Plant Protection",Iran,"Shahmohammadi,N.,Dizadji,A.,Bihamta,M.R.,Kvarnheden,A.",2020-02-08T00:00:00Z,,,,,,,,Chickpea chlorotic dwarf virus,,463360
866,MK341740.1,,,COMPLETE,,Iran: Urmia,Asia,,,,,,,,Lens culinaris,,3864.0,True,,,,2016,IR:Urm:Len66:16,,,2572,,,,4.0,,2020-02-08T00:00:00Z,GenBank,,"University of Tehran, Department of Plant Protection",Iran,"Shahmohammadi,N.,Dizadji,A.,Bihamta,M.R.,Kvarnheden,A.",2020-02-08T00:00:00Z,,,,,,,,Chickpea chlorotic dwarf virus,,463360
867,MK341739.1,,,COMPLETE,,Iran: Kermanshah,Asia,,,,,,,,Cicer arietinum,,3827.0,True,,,,2016,IR:Ker:Chi498:16,,,2571,,,,4.0,,2020-02-08T00:00:00Z,GenBank,,"University of Tehran, Department of Plant Protection",Iran,"Shahmohammadi,N.,Dizadji,A.,Bihamta,M.R.,Kvarnheden,A.",2020-02-08T00:00:00Z,,,,,,,,Chickpea chlorotic dwarf virus,,463360
869,MK329309.1,,,COMPLETE,,Ethiopia: Berecha,Africa,,,,,,,,Zea mays,,4577.0,True,,,,2016-07,MSV-MV-242,,,2687,,,,4.0,,2019-03-25T00:00:00Z,GenBank,,"Leibniz Institute DSMZ - German Collection of Microorganisms and Cell Cultures, Plant Virus Department",Germany,"Guadie,D.,Tesfaye,K.,Knierim,D.,Winter,S.,Abraham,A.",2019-03-25T00:00:00Z,,,,,,,,Maize streak virus,,10821
870,MK329308.1,,,COMPLETE,,Ethiopia: Arbaminch Zuria,Africa,,,,,,,,Zea mays,,4577.0,True,,,,2016-07,MSV-MV-171,,,2687,,,,4.0,,2019-03-25T00:00:00Z,GenBank,,"Leibniz Institute DSMZ - German Collection of Microorganisms and Cell Cultures, Plant Virus Department",Germany,"Guadie,D.,Tesfaye,K.,Knierim,D.,Winter,S.,Abraham,A.",2019-03-25T00:00:00Z,,,,,,,,Maize streak virus,,10821
871,MK329307.1,,,COMPLETE,,Ethiopia: Asosa,Africa,,,,,,,,Zea mays,,4577.0,True,,,,2015-08,MSV-Et-149,,,2687,,,,4.0,,2019-03-25T00:00:00Z,GenBank,,"Leibniz Institute DSMZ - German Collection of Microorganisms and Cell Cultures, Plant Virus Department",Germany,"Guadie,D.,Tesfaye,K.,Knierim,D.,Winter,S.,Abraham,A.",2019-03-25T00:00:00Z,,,,,,,,Maize streak virus,,10821
875,MK329303.1,,,COMPLETE,,Ethiopia: Analume,Africa,,,,,,,,Zea mays,,4577.0,True,,,,2016-07,MSDV-MV-74,,,2846,,,,4.0,,2019-03-25T00:00:00Z,GenBank,,"Leibniz Institute DSMZ - German Collection of Microorganisms and Cell Cultures, Plant Virus Department",Germany,"Guadie,D.,Tesfaye,K.,Knierim,D.,Winter,S.,Abraham,A.",2019-03-25T00:00:00Z,,,,,,,,Maize streak dwarfing virus,,2557970
876,MK329302.1,,,COMPLETE,,Ethiopia: Boset,Africa,,,,,,,,Zea mays,,4577.0,True,,,,2016-07,MSDV-MV-66,,,2846,,,,4.0,,2019-03-25T00:00:00Z,GenBank,,"Leibniz Institute DSMZ - German Collection of Microorganisms and Cell Cultures, Plant Virus Department",Germany,"Guadie,D.,Tesfaye,K.,Knierim,D.,Winter,S.,Abraham,A.",2019-03-25T00:00:00Z,,,,,,,,Maize streak dwarfing virus,,2557970
877,MK329301.1,,,COMPLETE,,Ethiopia: Shewaba,Africa,,,,,,,,Zea mays,,4577.0,True,,,,2016-07,MSDV-MV-56,,,2846,,,,4.0,,2019-03-25T00:00:00Z,GenBank,,"Leibniz Institute DSMZ - German Collection of Microorganisms and Cell Cultures, Plant Virus Department",Germany,"Guadie,D.,Tesfaye,K.,Knierim,D.,Winter,S.,Abraham,A.",2019-03-25T00:00:00Z,,,,,,,,Maize streak dwarfing virus,,2557970
879,MK193742.1,,,COMPLETE,,Estonia: Meremae,Europe,,,,,,,,Triticum aestivum,,4565.0,True,,,,2017-07-17,,,,2750,,,,4.0,,2019-06-15T00:00:00Z,GenBank,,"Tallinn University of Technology, Chemistry and Biotechnology",Estonia,"Somera,M.,Truve,E.,Soovali,P.",2019-06-15T00:00:00Z,,,,,,,,Wheat dwarf virus,,10834
880,MK116546.1,,,COMPLETE,,Tunisia: Haouaria province,Africa,,,,,,,,Solanum lycopersicum,,4081.0,True,,,,2017,TN-Haouaria-To27/2/017-Tomato-2017,fruit,,2571,,,,4.0,,2019-05-27T00:00:00Z,GenBank,,"Institute for Sustainable Plant Protection, Consiglio Nazionale delle Ricerche",Italy,"Zaagueri,T.,Mnari-Hattab,M.,Moussaoui,N.,Accotto,G.P.,Noris,E.,Marian,D.,Vaira,A.M.",2019-05-27T00:00:00Z,,,,,,,,Chickpea chlorotic dwarf virus,,463360
883,MH667488.1,,,COMPLETE,,Tanzania: Arusha,Africa,,,,,,,,Zea mays,,4577.0,True,,,,2015-04-27,MDA26-Tz,plant leaf,,2689,,,,3.0,,2020-01-16T00:00:00Z,GenBank,,"Tanzania Agricultural Research Institute (TARI) Tengeru Sub Center, Biotechnology",Tanzania,"Kiruwa,F.H.,Njuguna,J.,Machuka,E.,Senay,S.D.,Mutiga,S.K.,Feyissa,T.,Ndakidemi,P.A.,Stomeo,F.",2020-01-21T00:00:00Z,,,,,,,,Maize streak virus,,10821
890,MH500779.1,,,PARTIAL,,Morocco: Zagoura,Africa,,,,,,,,Citrullus lanatus subsp. vulgaris,,260674.0,True,,,,,wm15,,,501,,,,1.0,,2018-08-14T00:00:00Z,GenBank,,"Faculty of Science and Technology, Biology",Morocco,"Radouane,N.,Ezrari,S.,Vaira,A.M.,Benjelloune,M.,Lahlali,R.,Tahiri,A.,Accotto,G.P.",2018-08-14T00:00:00Z,,,,,,,,Chickpea chlorotic dwarf virus,,463360
907,MH286964.1,,,PARTIAL,,Ethiopia: West Wollega,Africa,,,,,,,,Zea mays,,4577.0,True,,,,2016-07-28,MV260,,,989,,,,1.0,,2018-12-26T00:00:00Z,GenBank,,"Leibniz Institute DSMZ - Greman Collection of Microorganisms and Cell Cultures, Plant Virology",Germany,"Guadie,D.,Knierim,D.,Winter,S.,Tesfaye,K.,Abraham,A.",2018-12-26T00:00:00Z,,,,,,,,Maize streak virus,,10821
908,MH286963.1,,,PARTIAL,,Ethiopia: South Omo,Africa,,,,,,,,Zea mays,,4577.0,True,,,,2016-07-25,MV187,,,989,,,,1.0,,2018-12-26T00:00:00Z,GenBank,,"Leibniz Institute DSMZ - Greman Collection of Microorganisms and Cell Cultures, Plant Virology",Germany,"Guadie,D.,Knierim,D.,Winter,S.,Tesfaye,K.,Abraham,A.",2018-12-26T00:00:00Z,,,,,,,,Maize streak virus,,10821
909,MH286962.1,,,PARTIAL,,Ethiopia: Gamo Gofa,Africa,,,,,,,,Zea mays,,4577.0,True,,,,2016-07-24,MV166,,,989,,,,1.0,,2018-12-26T00:00:00Z,GenBank,,"Leibniz Institute DSMZ - Greman Collection of Microorganisms and Cell Cultures, Plant Virology",Germany,"Guadie,D.,Knierim,D.,Winter,S.,Tesfaye,K.,Abraham,A.",2018-12-26T00:00:00Z,,,,,,,,Maize streak virus,,10821
911,MH286960.1,,,PARTIAL,,Ethiopia: Fogera,Africa,,,,,,,,Zea mays,,4577.0,True,,,,2017-03-03,M93,,,989,,,,1.0,,2018-12-26T00:00:00Z,GenBank,,"Leibniz Institute DSMZ - Greman Collection of Microorganisms and Cell Cultures, Plant Virology",Germany,"Guadie,D.,Knierim,D.,Winter,S.,Tesfaye,K.,Abraham,A.",2018-12-26T00:00:00Z,,,,,,,,Maize streak virus,,10821
912,MH286959.1,,,PARTIAL,,Ethiopia: Shire,Africa,,,,,,,,Zea mays,,4577.0,True,,,,2017-03-02,M72,,,989,,,,1.0,,2018-12-26T00:00:00Z,GenBank,,"Leibniz Institute DSMZ - Greman Collection of Microorganisms and Cell Cultures, Plant Virology",Germany,"Guadie,D.,Knierim,D.,Winter,S.,Tesfaye,K.,Abraham,A.",2018-12-26T00:00:00Z,,,,,,,,Maize streak virus,,10821
957,LN865163.1,,,COMPLETE,,"Pakistan:NIAB,Faisalabad",Asia,,,,,,,,Lens culinaris,,3864.0,True,,,,2012-04-12,LE-13,plant leaf,,2583,,,,4.0,,2017-06-25T00:00:00Z,GenBank,,"Molecular viroloy, NIBGE, Biotechnology, NIBGE, Faisalabad, 38000",Pakistan,"Mumtaz,H.,Serfrez,S.,Amin,I.,Mansoor,S.,Briddon,R.W.,Sheikh,H.",2017-06-25T00:00:00Z,,,,,,,,Chickpea chlorotic dwarf virus,,463360
997,KY781948.1,,,PARTIAL,,Poland: Wiatrowo,Europe,,,,,,,,Secale cereale,,4550.0,True,,,,2015-05,WDV-Wtr,,,783,,,,1.0,,2018-02-25T00:00:00Z,GenBank,,"Institute of Plant Protection-National Research Institute, Virology and Bacteriology",Poland,"Trzmiel,K.,Jezewska,M.",2018-02-25T00:00:00Z,,,,,,,,Wheat dwarf virus,,10834
998,KY781947.1,,,PARTIAL,,Poland: Wieprz,Europe,,,,,,,,Hordeum vulgare,,4513.0,True,,,,2015-05,WDV-Wp,,,783,,,,1.0,,2018-02-25T00:00:00Z,GenBank,,"Institute of Plant Protection-National Research Institute, Virology and Bacteriology",Poland,"Trzmiel,K.,Jezewska,M.",2018-02-25T00:00:00Z,,,,,,,,Wheat dwarf virus,,10834
999,KY781946.1,,,PARTIAL,,Poland: Szelejewo,Europe,,,,,,,,x Triticosecale,,49317.0,True,,,,2012-05,WDV-Sz4,,,783,,,,1.0,,2018-02-25T00:00:00Z,GenBank,,"Institute of Plant Protection-National Research Institute, Virology and Bacteriology",Poland,"Trzmiel,K.,Jezewska,M.",2018-02-25T00:00:00Z,,,,,,,,Wheat dwarf virus,,10834
1003,KY781942.1,,,PARTIAL,,Poland: Sosnicowice,Europe,,,,,,,,Hordeum vulgare,,4513.0,True,,,,2016-04,WDV-Sos,,,783,,,,1.0,,2018-02-25T00:00:00Z,GenBank,,"Institute of Plant Protection-National Research Institute, Virology and Bacteriology",Poland,"Trzmiel,K.,Jezewska,M.",2018-02-25T00:00:00Z,,,,,,,,Wheat dwarf virus,,10834
1004,KY781941.1,,,PARTIAL,,Poland: Lukow,Europe,,,,,,,,Hordeum vulgare,,4513.0,True,,,,2016-04,WDV-Luk,,,783,,,,1.0,,2018-02-25T00:00:00Z,GenBank,,"Institute of Plant Protection-National Research Institute, Virology and Bacteriology",Poland,"Trzmiel,K.,Jezewska,M.",2018-02-25T00:00:00Z,,,,,,,,Wheat dwarf virus,,10834
1005,KY781940.1,,,PARTIAL,,Poland: Lipsko,Europe,,,,,,,,Hordeum vulgare,,4513.0,True,,,,2015-05,WDV-Lip,,,783,,,,1.0,,2018-02-25T00:00:00Z,GenBank,,"Institute of Plant Protection-National Research Institute, Virology and Bacteriology",Poland,"Trzmiel,K.,Jezewska,M.",2018-02-25T00:00:00Z,,,,,,,,Wheat dwarf virus,,10834
1006,KY781939.1,,,PARTIAL,,Poland: Kobierzyce,Europe,,,,,,,,Triticum aestivum,,4565.0,True,,,,2016-06,WDV-Kob,,,783,,,,1.0,,2018-02-25T00:00:00Z,GenBank,,"Institute of Plant Protection-National Research Institute, Virology and Bacteriology",Poland,"Trzmiel,K.,Jezewska,M.",2018-02-25T00:00:00Z,,,,,,,,Wheat dwarf virus,,10834
1007,KY781938.1,,,PARTIAL,,Poland: Kondratowice,Europe,,,,,,,,x Triticosecale,,49317.0,True,,,,2013-05,WDV-Knd2,,,783,,,,1.0,,2018-02-25T00:00:00Z,GenBank,,"Institute of Plant Protection-National Research Institute, Virology and Bacteriology",Poland,"Trzmiel,K.,Jezewska,M.",2018-02-25T00:00:00Z,,,,,,,,Wheat dwarf virus,,10834
1009,KY781936.1,,,PARTIAL,,Poland: Glubczyce,Europe,,,,,,,,Triticum aestivum,,4565.0,True,,,,2015-04,WDV-Gl,,,783,,,,1.0,,2018-02-25T00:00:00Z,GenBank,,"Institute of Plant Protection-National Research Institute, Virology and Bacteriology",Poland,"Trzmiel,K.,Jezewska,M.",2018-02-25T00:00:00Z,,,,,,,,Wheat dwarf virus,,10834
1010,KY781935.1,,,PARTIAL,,Poland: Dluzec,Europe,,,,,,,,Hordeum vulgare,,4513.0,True,,,,2016-05,WDV-Dl,,,783,,,,1.0,,2018-02-25T00:00:00Z,GenBank,,"Institute of Plant Protection-National Research Institute, Virology and Bacteriology",Poland,"Trzmiel,K.,Jezewska,M.",2018-02-25T00:00:00Z,,,,,,,,Wheat dwarf virus,,10834
1011,KY781934.1,,,PARTIAL,,Poland: Boleslawiec,Europe,,,,,,,,Hordeum vulgare,,4513.0,True,,,,2015-04,WDV-Bol,,,783,,,,1.0,,2018-02-25T00:00:00Z,GenBank,,"Institute of Plant Protection-National Research Institute, Virology and Bacteriology",Poland,"Trzmiel,K.,Jezewska,M.",2018-02-25T00:00:00Z,,,,,,,,Wheat dwarf virus,,10834
1012,KY781933.1,,,PARTIAL,,Poland: Antoniny,Europe,,,,,,,,Triticum aestivum,,4565.0,True,,,,2014-04,WDV-Ant,,,783,,,,1.0,,2018-02-25T00:00:00Z,GenBank,,"Institute of Plant Protection-National Research Institute, Virology and Bacteriology",Poland,"Trzmiel,K.,Jezewska,M.",2018-02-25T00:00:00Z,,,,,,,,Wheat dwarf virus,,10834
1024,KY618120.1,,,COMPLETE,,Mauritius,Africa,,,,,,,,Zea mays,,4577.0,True,,,,1990,MSV-A_MU_Jic_Rob5_1990,,,2687,,,,3.0,,2017-03-18T00:00:00Z,GenBank,,"Arizona State University, The Biodesign Center of Fundamental and Applied Microbiomics",USA,"Varsani,A.,Kraberger,S.,Shepherd,D.N.,Rybicki,E.P.,Briddon,R.W.,Pande,D.,Martin,D.P.",2017-03-18T00:00:00Z,,,,,,,,Maize streak virus,,10821
1027,KY618117.1,,,COMPLETE,,South Africa,Africa,,,,,,,,Zea mays,,4577.0,True,,,,1987,MSV-A_ZA_Bet_O65_1987,,,2688,,,,3.0,,2017-03-18T00:00:00Z,GenBank,,"Arizona State University, The Biodesign Center of Fundamental and Applied Microbiomics",USA,"Varsani,A.,Kraberger,S.,Shepherd,D.N.,Rybicki,E.P.,Briddon,R.W.,Pande,D.,Martin,D.P.",2017-03-18T00:00:00Z,,,,,,,,Maize streak virus,,10821
1049,KY618095.1,,,COMPLETE,,Zimbabwe,Africa,,,,,,,,Zea mays,,4577.0,True,,,,1987,MSV-A_ZW_Zim_O89_1987,,,2689,,,,3.0,,2017-03-18T00:00:00Z,GenBank,,"Arizona State University, The Biodesign Center of Fundamental and Applied Microbiomics",USA,"Varsani,A.,Kraberger,S.,Shepherd,D.N.,Rybicki,E.P.,Briddon,R.W.,Pande,D.,Martin,D.P.",2017-03-18T00:00:00Z,,,,,,,,Maize streak virus,,10821
1063,KY565234.1,,,COMPLETE,,Uruguay,South America,,,,,,,,Ipomoea batatas,,4120.0,True,,,,2011-04-11,Z01117,,,2602,,,,5.0,,2017-05-22T00:00:00Z,GenBank,,"USDA-ARS, National Germplasm Resources Laboratory",USA,"Cao,M.,Lan,P.,Li,F.,Abad,J.,Zhou,C.,Li,R.",2017-05-22T00:00:00Z,,,,,,,,Sweet potato symptomless virus 1,,603333
1081,KY311968.1,,,COMPLETE,,Comoros,Africa,,,,,,,,Zea mays,,4577.0,True,,,,2009,MSV_KM_Mra_mad35_09,,,2689,,,,4.0,,2017-02-07T00:00:00Z,GenBank,,"Arizona State University, The Biodesign Center for Fundamental and Applied Microbiomics",USA,"Varsani,A.,Harkins,G.,Martin,D.P.,Lefeuvre,P.,Lett,J.-M.",2017-02-07T00:00:00Z,,,,,,,,Maize streak virus,,10821
1084,KY311965.1,,,COMPLETE,,Madagascar,Africa,,,,,,,,Zea mays,,4577.0,True,,,,2009,MSV_MG_And_mad23_09,,,2687,,,,4.0,,2017-02-07T00:00:00Z,GenBank,,"Arizona State University, The Biodesign Center for Fundamental and Applied Microbiomics",USA,"Varsani,A.,Harkins,G.,Martin,D.P.,Lefeuvre,P.,Lett,J.-M.",2017-02-07T00:00:00Z,,,,,,,,Maize streak virus,,10821
1309,KX951495.1,,,PARTIAL,,Slovenia,Europe,,,,,,,,Triticum aestivum,,4565.0,True,,,,2016-06-13,Rogoza,,,815,,,,3.0,,2016-11-15T00:00:00Z,GenBank,,"Agricultural Institute of Slovenia, Plant Protection Department",Slovenia,"Virscek Marn,M.",2016-11-15T00:00:00Z,,,,,,,,Wheat dwarf virus,,10834
1330,KX580024.1,,,COMPLETE,,Tunisia: Zaghouan province,Africa,,,,,,,,Citrullus lanatus,,3654.0,True,,,,2015,TN-Zaghouan-TB2-Watermelon-2015,fruit,,2571,,,,4.0,,2016-09-12T00:00:00Z,GenBank,,"CNR, National Research Council of Italy, Institute for Sustainable Plant Protection (IPSP-CNR), formerly IVV",Italy,"Vaira,A.M.,Zaagueri,T.,Mnari-Hattab,M.,Accotto,G.P.",2016-09-12T00:00:00Z,,,,,,,,Chickpea chlorotic dwarf virus,,463360
1339,KX352056.1,,,COMPLETE,,Guadeloupe,North America,,,,,,,,Saccharum officinarum,,4547.0,True,,,,2013,SCStV_US_F579-3_2014,,,2741,,,,4.0,,2017-06-30T00:00:00Z,GenBank,,"University of Canterbury, School of Biological Sciences",New Zealand,"Wardatou,B.,Roumagnac,P.,Filloux,D.,Alcala-Briseno,R.I.,Kraberger,S.,Fernandez,E.,Daugrois,J.-H.,Martin,D.P.,Lett,J.-M.,Comstock,J.C.,Varsani,A.,Polston,J.E.,Rott,P.",2017-07-03T00:00:00Z,,,,,,,,Sugarcane striate virus,,1868659
1403,KT717933.1,,,COMPLETE,,China: Yunnan,Asia,,,,,,,,Zea mays,,4577.0,True,,,,2014,YN,,,2880,,,,4.0,,2015-10-20T00:00:00Z,GenBank,,"Zhejiang University, Virus Lab",China,"Chen,S.,Huang,Q.,Wu,L.,Qian,Y.,Huang,Q.Q.,Qian,Y.J.,Zhou,X.P.",2015-10-21T00:00:00Z,,,,,,,,Maize streak Reunion virus,,1182518
1408,KR014247.1,,,COMPLETE,,Iran: Lorestan,Asia,,,,,,,,Cicer arietinum,,3827.0,True,,,,2014-05-15,Lor-8,,,2570,,,,4.0,,2015-07-15T00:00:00Z,GenBank,,"Leibniz Institute DSMZ-German Collection of Microorganisms and Cell Cultures, Plant Virology",Germany,"Bananej,K.,Knierim,D.,Menzel,W.,Winter,S.",2015-07-15T00:00:00Z,,,,,,,,Chickpea chlorotic dwarf virus,,463360
1508,KM229943.1,,,COMPLETE,,Spain: Gran Canaria,Europe,,,,,,,,Digitaria,,66017.0,True,,,,2008,g4198,,,2687,,,,4.0,,2016-07-27T00:00:00Z,GenBank,,"University of Canterbury, School of Biological Sciences",New Zealand,"Kraberger,S.,Pande,D.,Shepherd,D.N.,Martin,D.P.,Varsani,A.",2016-07-27T00:00:00Z,,,,,,,,Maize streak virus,,10821
1684,KM079155.1,,,COMPLETE,,Poland: Lagiewniki,Europe,,,,,,,,Hordeum vulgare,,4513.0,True,,,,2007-05,WDV-B,,,2734,,,,4.0,,2015-10-09T00:00:00Z,GenBank,,"Institute of Plant Protection-National Research Institute, Virology and Bacteriology",Poland,"Trzmiel,K.,Jezewska,M.",2015-10-09T00:00:00Z,,,,,,,,Wheat dwarf virus,,10834
1685,KM079154.1,,,COMPLETE,,Poland:Lagiewniki,Europe,,,,,,,,Hordeum vulgare,,4513.0,True,,,,2007-05,Pol-WDV-W,,,2749,,,,4.0,,2015-10-09T00:00:00Z,GenBank,,"Institute of Plant Protection-National Research Institute, Virology and Bacteriology",Poland,"Trzmiel,K.,Jezewska,M.",2015-10-09T00:00:00Z,,,,,,,,Wheat dwarf virus,,10834
1687,KJ699353.1,,,COMPLETE,,Ghana,Africa,,,,,,,,Zea mays,,4577.0,True,,,,2010,MSV-A_GH-gh5-Abu-2010,,,2689,,,,4.0,,2014-10-01T00:00:00Z,GenBank,,"University of Canterbury, School of Biological Sciences",New Zealand,"Varsani,A.,Oppong,A.,Offei,S.K.,Ofori,K.,Adu-Dapaah,H.,Lamptey,J.N.L.,Kurenbach,B.,Walters,M.,Martin,D.P.",2014-10-01T00:00:00Z,,,,,,,,Maize streak virus,,10821
1738,KJ536150.1,,,COMPLETE,,China: Qinghai,Asia,,,,,,,,Hordeum vulgare,,4513.0,True,,,,2008-06-15,QHXN08-11,,,2750,,,,4.0,,2015-05-15T00:00:00Z,GenBank,,"Institute of Plant Protection, Chinese Academy of Agricultural Sciences, Rice Disease Research Group",China,"Wang,X.,Wang,J.,Wu,B.",2015-05-15T00:00:00Z,,,,,,,,Wheat dwarf virus,,10834
1748,KJ536140.1,,,COMPLETE,,China: Shannxi,Asia,,,,,,,,Triticum aestivum,,4565.0,True,,,,2009-05-13,SXHC09-27,,,2750,,,,4.0,,2015-05-15T00:00:00Z,GenBank,,"Institute of Plant Protection, Chinese Academy of Agricultural Sciences, Rice Disease Research Group",China,"Wang,X.,Wang,J.,Wu,B.",2015-05-15T00:00:00Z,,,,,,,,Wheat dwarf virus,,10834
1751,KJ536137.1,,,COMPLETE,,China: Guansu,Asia,,,,,,,,Triticum aestivum,,4565.0,True,,,,2009-04-15,GSGG09-5,,,2750,,,,4.0,,2015-05-15T00:00:00Z,GenBank,,"Institute of Plant Protection, Chinese Academy of Agricultural Sciences, Rice Disease Research Group",China,"Wang,X.,Wang,J.,Wu,B.",2015-05-15T00:00:00Z,,,,,,,,Wheat dwarf virus,,10834
1753,KJ536135.1,,,COMPLETE,,China: Xinjiang,Asia,,,,,,,,Triticum aestivum,,4565.0,True,,,,2008-05-15,XJWLMQ08-12,,,2750,,,,4.0,,2015-05-15T00:00:00Z,GenBank,,"Institute of Plant Protection, Chinese Academy of Agricultural Sciences, Rice Disease Research Group",China,"Wang,X.,Wang,J.,Wu,B.",2015-05-15T00:00:00Z,,,,,,,,Wheat dwarf virus,,10834
1756,KJ536132.1,,,COMPLETE,,China: Hebei,Asia,,,,,,,,Triticum aestivum,,4565.0,True,,,,2008-04-17,HBSJZ08-1,,,2750,,,,4.0,,2015-05-15T00:00:00Z,GenBank,,"Institute of Plant Protection, Chinese Academy of Agricultural Sciences, Rice Disease Research Group",China,"Wang,X.,Wang,J.,Wu,B.",2015-05-15T00:00:00Z,,,,,,,,Wheat dwarf virus,,10834
1760,KJ536128.1,,,COMPLETE,,China: Henan,Asia,,,,,,,,Triticum aestivum,,4565.0,True,,,,2008-04-02,HNHYK08-4,,,2750,,,,4.0,,2015-05-15T00:00:00Z,GenBank,,"Institute of Plant Protection, Chinese Academy of Agricultural Sciences, Rice Disease Research Group",China,"Wang,X.,Wang,J.,Wu,B.",2015-05-15T00:00:00Z,,,,,,,,Wheat dwarf virus,,10834
1762,KJ536126.1,,,COMPLETE,,China: Hubei,Asia,,,,,,,,Avena sp.,,50455.0,True,,,,2007-03-15,HBWH07-2,,,2746,,,,4.0,,2015-05-15T00:00:00Z,GenBank,,"Institute of Plant Protection, Chinese Academy of Agricultural Sciences, Rice Disease Research Group",China,"Wang,X.,Wang,J.,Wu,B.",2015-05-15T00:00:00Z,,,,,,,,Wheat dwarf virus,,10834
1763,KJ536125.1,,,COMPLETE,,China: Sichuan,Asia,,,,,,,,Triticum aestivum,,4565.0,True,,,,2007-03-12,SCCD07-1,,,2750,,,,4.0,,2015-05-15T00:00:00Z,GenBank,,"Institute of Plant Protection, Chinese Academy of Agricultural Sciences, Rice Disease Research Group",China,"Wang,X.,Wang,J.,Wu,B.",2015-05-15T00:00:00Z,,,,,,,,Wheat dwarf virus,,10834
1768,KJ536120.1,,,COMPLETE,,China: Shanxi,Asia,,,,,,,,Triticum aestivum,,4565.0,True,,,,2007-05-08,SXTY07-6,,,2750,,,,4.0,,2015-05-15T00:00:00Z,GenBank,,"Institute of Plant Protection, Chinese Academy of Agricultural Sciences, Rice Disease Research Group",China,"Wang,X.,Wang,J.,Wu,B.",2015-05-15T00:00:00Z,,,,,,,,Wheat dwarf virus,,10834
1783,KJ536105.1,,,COMPLETE,,China: Shandong,Asia,,,,,,,,Triticum aestivum,,4565.0,True,,,,2007-05-10,SDJN07-5,,,2750,,,,4.0,,2015-05-15T00:00:00Z,GenBank,,"Institute of Plant Protection, Chinese Academy of Agricultural Sciences, Rice Disease Research Group",China,"Wang,X.,Wang,J.,Wu,B.",2015-05-15T00:00:00Z,,,,,,,,Wheat dwarf virus,,10834
1787,KJ536101.1,,,COMPLETE,,China: Ningxia,Asia,,,,,,,,Triticum aestivum,,4565.0,True,,,,2007-04-20,NXYN07-3,,,2750,,,,4.0,,2015-05-15T00:00:00Z,GenBank,,"Institute of Plant Protection, Chinese Academy of Agricultural Sciences, Rice Disease Research Group",China,"Wang,X.,Wang,J.,Wu,B.",2015-05-15T00:00:00Z,,,,,,,,Wheat dwarf virus,,10834
1800,KJ536088.1,,,COMPLETE,,China: Guizhou,Asia,,,,,,,,Triticum aestivum,,4565.0,True,,,,2007-03-17,GZGY07-5,,,2750,,,,4.0,,2015-05-15T00:00:00Z,GenBank,,"Institute of Plant Protection, Chinese Academy of Agricultural Sciences, Rice Disease Research Group",China,"Wang,X.,Wang,J.,Wu,B.",2015-05-15T00:00:00Z,,,,,,,,Wheat dwarf virus,,10834
1803,KJ536085.1,,,COMPLETE,,China: Gansu,Asia,,,,,,,,Triticum aestivum,,4565.0,True,,,,2007-04-16,GSTS07-8,,,2750,,,,4.0,,2015-05-15T00:00:00Z,GenBank,,"Institute of Plant Protection, Chinese Academy of Agricultural Sciences, Rice Disease Research Group",China,"Wang,X.,Wang,J.,Wu,B.",2015-05-15T00:00:00Z,,,,,,,,Wheat dwarf virus,,10834
1811,KJ473707.1,,,COMPLETE,,Germany,Europe,,,,,,,,Secale cereale,,4550.0,True,,,,2008-05,Rye9_3,,,2749,,,,4.0,,2015-05-19T00:00:00Z,GenBank,,"Institute for Biosafety in Plant Biotechnology, Julius Kuehn Institute, Federal Research Centre for Cultivated Plants",Germany,"Schubert,J.,Habekuss,A.,Wu,B.",2015-05-19T00:00:00Z,,,,,,,,Wheat dwarf virus,,10834
1844,KJ187748.1,,,COMPLETE,,Barbados,North America,,,,,,,,Saccharum officinarum,,4547.0,True,,,,2013-12-15,SD-E0144-2013,plant leaf,,2830,,,,4.0,,2014-04-27T00:00:00Z,GenBank,,"CIRAD, BIOS",France,"Candresse,T.,Filloux,D.,Muhire,B.,Julian,C.,Galzi,S.,Fort,G.,Bernardo,P.,Daugrois,J.H.,Fernandez,E.,Martin,D.P.,Varsani,A.,Roumagnac,P.",2014-07-31T00:00:00Z,,,,,,,,Sugarcane white streak virus,,1492296
1846,KJ187746.1,,,COMPLETE,,Egypt,Africa,,,,,,,,Saccharum officinarum,,4547.0,True,,,,2013-12-15,SD-VARX-2013,plant leaf,,2830,,,,3.0,,2014-04-27T00:00:00Z,GenBank,,"CIRAD, BIOS",France,"Candresse,T.,Filloux,D.,Muhire,B.,Julian,C.,Galzi,S.,Fort,G.,Bernardo,P.,Daugrois,J.H.,Fernandez,E.,Martin,D.P.,Varsani,A.,Roumagnac,P.",2014-07-31T00:00:00Z,,,,,,,,Sugarcane white streak virus,,1492296
1851,KF692356.1,,,COMPLETE,,Egypt: Mansoria,Africa,,,,,,,,Cucurbita,,3660.0,True,,,,,Eg002,,,2572,,,,3.0,,2014-01-13T00:00:00Z,GenBank,,"Agricultural Genetic Engineering Research Institute, Microbiology Department",Egypt,"Fahmy,I.F.,Taha,O.,El-Ashry,A.N.,Elashry,A.A.",2015-10-08T00:00:00Z,,,,,,,,Chickpea chlorotic dwarf virus,,463360
1855,KF176553.1,,,COMPLETE,,"India: Sriganganagar, Rajasthan",Asia,,,,,,,,Cicer arietinum,,3827.0,True,,,,2013-02-15,1K10,plant leaf,,2585,,,,4.0,,2013-09-23T00:00:00Z,GenBank,,"Indian Agricultural Research Institute, Division of Plant Pathology",India,"Kanakala,S.,Verma,H.N.,Malathi,V.G.",2013-09-23T00:00:00Z,,,,,,,,Chickpea chlorotic dwarf virus D,,1400200
1857,KF111683.1,,,COMPLETE,,Oman: Sur,Asia,,,,,,,,Piperaceae,,16739.0,True,,,,2011,P-25,,,2565,,,,4.0,,2013-12-22T00:00:00Z,GenBank,,"Sultan Qaboos University, Plant Biotechnology Laboratory, College of Agricultural and Marine Sciences",Oman,"Akhtar,S.,Khan,A.J.,Briddon,R.W.",2014-03-12T00:00:00Z,,,,,,,,Chickpea chlorotic dwarf virus,,463360
1877,KC172682.1,,,COMPLETE,,Eritrea,Africa,,,,,,,,Cicer arietinum,,3827.0,True,,,,2005,K ErC347-05,,,2567,,,,4.0,,2013-08-21T00:00:00Z,GenBank,,"University of Canterbury, School of Biological Sciences",New Zealand,"Kraberger,S.,Harkins,G.W.,Kumari,S.G.,Thomas,J.E.,Schwinghamer,M.W.,Sharman,M.,Collings,D.A.,Briddon,R.W.,Martin,D.P.,Varsani,A.,Kumari,S.",2013-09-11T00:00:00Z,,,,,,,,Chickpea chlorotic dwarf virus,,463360
1886,KC172673.1,,,COMPLETE,,Yemen,Asia,,,,,,,,Lens culinaris,,3864.0,True,,,,1996,F YeL6-96,,,2569,,,,4.0,,2013-08-21T00:00:00Z,GenBank,,"University of Canterbury, School of Biological Sciences",New Zealand,"Kraberger,S.,Harkins,G.W.,Kumari,S.G.,Thomas,J.E.,Schwinghamer,M.W.,Sharman,M.,Collings,D.A.,Briddon,R.W.,Martin,D.P.,Varsani,A.,Kumari,S.",2013-09-11T00:00:00Z,,,,,,,,Chickpea chlorotic dwarf virus,,463360
1891,KC172668.1,,,COMPLETE,,Syria,Asia,,,,,,,,Cicer arietinum,,3827.0,True,,,,1999,F SC54-99,,,2569,,,,4.0,,2013-08-21T00:00:00Z,GenBank,,"University of Canterbury, School of Biological Sciences",New Zealand,"Kraberger,S.,Harkins,G.W.,Kumari,S.G.,Thomas,J.E.,Schwinghamer,M.W.,Sharman,M.,Collings,D.A.,Briddon,R.W.,Martin,D.P.,Varsani,A.,Kumari,S.",2013-09-11T00:00:00Z,,,,,,,,Chickpea chlorotic dwarf virus,,463360
1896,KC172663.1,,,COMPLETE,,Turkey,Asia,,,,,,,,Cicer arietinum,,3827.0,True,,,,1996,A TC40-96,,,2571,,,,4.0,,2013-08-21T00:00:00Z,GenBank,,"University of Canterbury, School of Biological Sciences",New Zealand,"Kraberger,S.,Harkins,G.W.,Kumari,S.G.,Thomas,J.E.,Schwinghamer,M.W.,Sharman,M.,Collings,D.A.,Briddon,R.W.,Martin,D.P.,Varsani,A.,Kumari,S.",2013-09-11T00:00:00Z,,,,,,,,Chickpea chlorotic dwarf virus,,463360
1955,JQ647508.1,,,COMPLETE,,China: Tibet,Asia,,,,,,,,Triticum,,4564.0,True,,,,2010-06-25,TIBET10-2,,,2746,,,,4.0,,2012-02-15T00:00:00Z,GenBank,,"Institute of Plant Protection, Chinese Academy of Agricultural Sciences",China,"Wang,B.,Wu,B.,Wang,X.",2012-02-15T00:00:00Z,,,,,,,,Wheat dwarf virus,,10834
1956,JQ647507.1,,,COMPLETE,,China: Taiyuan,Asia,,,,,,,,Triticum,,4564.0,True,,,,2010-05-08,SXTY10-40,,,2750,,,,4.0,,2012-02-15T00:00:00Z,GenBank,,"Institute of Plant Protection, Chinese Academy of Agricultural Sciences",China,"Wang,B.,Wu,B.,Wang,X.",2012-02-15T00:00:00Z,,,,,,,,Wheat dwarf virus,,10834
1963,JQ647500.1,,,COMPLETE,,China: Hancheng,Asia,,,,,,,,Triticum,,4564.0,True,,,,2010-05-12,SXHC10-18,,,2750,,,,4.0,,2012-02-15T00:00:00Z,GenBank,,"Institute of Plant Protection, Chinese Academy of Agricultural Sciences",China,"Wang,B.,Wu,B.,Wang,X.",2012-02-15T00:00:00Z,,,,,,,,Wheat dwarf virus,,10834
1976,JQ647487.1,,,COMPLETE,,China: Datong,Asia,,,,,,,,Triticum,,4564.0,True,,,,2010-05-08,SXDT10-3,,,2750,,,,4.0,,2012-02-15T00:00:00Z,GenBank,,"Institute of Plant Protection, Chinese Academy of Agricultural Sciences",China,"Wang,B.,Wu,B.,Wang,X.",2012-02-15T00:00:00Z,,,,,,,,Wheat dwarf virus,,10834
1978,JQ647485.1,,,COMPLETE,,China: Chengdu,Asia,,,,,,,,Triticum,,4564.0,True,,,,2010-03-12,SCCD10-6,,,2750,,,,4.0,,2012-02-15T00:00:00Z,GenBank,,"Institute of Plant Protection, Chinese Academy of Agricultural Sciences",China,"Wang,B.,Wu,B.,Wang,X.",2012-02-15T00:00:00Z,,,,,,,,Wheat dwarf virus,,10834
1981,JQ647482.1,,,COMPLETE,,China: Ledu,Asia,,,,,,,,Triticum,,4564.0,True,,,,2010-06-15,QHLD10-19,,,2750,,,,4.0,,2012-02-15T00:00:00Z,GenBank,,"Institute of Plant Protection, Chinese Academy of Agricultural Sciences",China,"Wang,B.,Wu,B.,Wang,X.",2012-02-15T00:00:00Z,,,,,,,,Wheat dwarf virus,,10834
1987,JQ647476.1,,,COMPLETE,,China: Shijiazhuang,Asia,,,,,,,,Triticum,,4564.0,True,,,,2010-04-17,HBSJZ10-23,,,2750,,,,4.0,,2012-02-15T00:00:00Z,GenBank,,"Institute of Plant Protection, Chinese Academy of Agricultural Sciences",China,"Wang,B.,Wu,B.,Wang,X.",2012-02-15T00:00:00Z,,,,,,,,Wheat dwarf virus,,10834
1994,JQ647469.1,,,COMPLETE,,Hungary: Martonvasar,Europe,,,,,,,,Triticum,,4564.0,True,,,,2010-04-30,HUNGARY-MO10-3,,,2750,,,,4.0,,2012-02-15T00:00:00Z,GenBank,,"Institute of Plant Protection, Chinese Academy of Agricultural Sciences",China,"Wang,B.,Wu,B.,Wang,X.",2012-02-15T00:00:00Z,,,,,,,,Wheat dwarf virus,,10834
1997,JQ647466.1,,,COMPLETE,,Hungary: Kompolt,Europe,,,,,,,,Triticum,,4564.0,True,,,,2010-04-28,HUNGARY-KP10-16,,,2747,,,,4.0,,2012-02-15T00:00:00Z,GenBank,,"Institute of Plant Protection, Chinese Academy of Agricultural Sciences",China,"Wang,B.,Wu,B.,Wang,X.",2012-02-15T00:00:00Z,,,,,,,,Wheat dwarf virus,,10834
2009,JQ647454.1,,,COMPLETE,,Hungary: Pecs,Europe,,,,,,,,Triticum,,4564.0,True,,,,2010-04-29,HUNGARY-PC10-1,,,2749,,,,4.0,,2012-02-15T00:00:00Z,GenBank,,"Institute of Plant Protection, Chinese Academy of Agricultural Sciences",China,"Wang,B.,Wu,B.,Wang,X.",2012-02-15T00:00:00Z,,,,,,,,Wheat dwarf virus,,10834
2163,HQ693366.1,,,COMPLETE,,Mozambique,Africa,,,,,,,,Zea mays,,4577.0,True,,,,2007,MSV-A_MZ_Xai2_Moz7-2007,,,2687,,,,3.0,,2011-08-04T00:00:00Z,GenBank,,"University of Cape Town, Electron Microscope Unit",South Africa,"Monjane,A.L.,Harkins,G.W.,Martin,D.P.,Lemey,P.,Lefeuvre,P.,Shepherd,D.N.,Oluwafemi,S.,Simuyandi,M.,Zinga,I.,Komba,E.K.,Lakoutene,D.P.,Mandakombo,N.,Mboukoulida,J.,Semballa,S.,Tagne,A.,Tiendrebeogo,F.,Erdmann,J.B.,van Antwerpen,T.,Owor,B.E.,Flett,B.,Ramusi,M.,Windram,O.P.,Syed,R.,Lett,J.M.,Briddon,R.W.,Markham,P.G.,Rybicki,E.P.,Varsani,A.,Kakouttene,D.P.,Lett,J.-M.,Peterschmitt,M.",2016-07-25T00:00:00Z,,,,,,,,Maize streak virus,,10821
2211,HQ693318.1,,,COMPLETE,,Central African Republic,Africa,,,,,,,,Zea mays,,4577.0,True,,,,2008,MSV-A_CF_Yal2_Car33-2008,,,2689,,,,3.0,,2011-08-04T00:00:00Z,GenBank,,"University of Cape Town, Electron Microscope Unit",South Africa,"Monjane,A.L.,Harkins,G.W.,Martin,D.P.,Lemey,P.,Lefeuvre,P.,Shepherd,D.N.,Oluwafemi,S.,Simuyandi,M.,Zinga,I.,Komba,E.K.,Lakoutene,D.P.,Mandakombo,N.,Mboukoulida,J.,Semballa,S.,Tagne,A.,Tiendrebeogo,F.,Erdmann,J.B.,van Antwerpen,T.,Owor,B.E.,Flett,B.,Ramusi,M.,Windram,O.P.,Syed,R.,Lett,J.M.,Briddon,R.W.,Markham,P.G.,Rybicki,E.P.,Varsani,A.,Kakouttene,D.P.,Lett,J.-M.,Peterschmitt,M.",2016-07-25T00:00:00Z,,,,,,,,Maize streak virus,,10821
2259,HG934858.1,,,COMPLETE,,"Pakistan:NIAB fields, FAISLABAD",Asia,,,,,,,,Cicer arietinum,,3827.0,True,,,,2011,,,,2675,,,,4.0,,2017-01-05T00:00:00Z,GenBank,,"Biotechnology, Nibge, Nibge,faisalabad, 38000",Pakistan,"Sheikh,H.M.,Briddon,R.W.",2017-01-05T00:00:00Z,,,,,,,,Chickpea chlorotic dwarf Pakistan virus,,886791
2260,HG422318.1,,,COMPLETE,,"Germany:Alsleben, Saxony-Anhalt",Europe,,,,,,,,Triticum aestivum,,4565.0,True,,,,2001-03,Alsleben 9,,,2749,,,,4.0,,2013-10-11T00:00:00Z,GenBank,,"Schubert J., Inst. for Safety of Biotechn. Methods, Julius Kuehn Inst., Fed. Res. Centre, Erwin-Baur-Str. 27, D-06484 Quedlinburg",Germany,"Schubert,J.,Habekuss,A.,Wu,B.,Thieme,T.,Wang,X.",2013-10-11T00:00:00Z,,,,,,,,Wheat dwarf virus,,10834
2262,HG422316.1,,,COMPLETE,,"Germany:Aschersleben, Saxony-Anhalt",Europe,,,,,,,,Lolium perenne,,4522.0,True,,,,2001-09,Aschersleben 1,,,2750,,,,4.0,,2013-10-11T00:00:00Z,GenBank,,"Schubert J., Inst. for Safety of Biotechn. Methods, Julius Kuehn Inst., Fed. Res. Centre, Erwin-Baur-Str. 27, D-06484 Quedlinburg",Germany,"Schubert,J.,Habekuss,A.,Wu,B.,Thieme,T.,Wang,X.",2014-04-17T00:00:00Z,,,,,,,,Wheat dwarf virus,,10834
2263,HG422315.1,,,COMPLETE,,"Germany:Krostitz, Saxony",Europe,,,,,,,,Hordeum vulgare,,4513.0,True,,,,2001-03,Krostitz 1,,,2735,,,,4.0,,2013-10-11T00:00:00Z,GenBank,,"Schubert J., Inst. for Safety of Biotechn. Methods, Julius Kuehn Inst., Fed. Res. Centre, Erwin-Baur-Str. 27, D-06484 Quedlinburg",Germany,"Schubert,J.,Habekuss,A.,Wu,B.,Thieme,T.,Wang,X.",2014-04-17T00:00:00Z,,,,,,,,Wheat dwarf virus,,10834
2265,HG422313.1,,,COMPLETE,,Germany:Saxony,Europe,,,,,,,,Hordeum vulgare,,4513.0,True,,,,2013-05,Leutewitz,,,2735,,,,4.0,,2013-10-11T00:00:00Z,GenBank,,"Schubert J., Inst. for Safety of Biotechn. Methods, Julius Kuehn Inst., Fed. Res. Centre, Erwin-Baur-Str. 27, D-06484 Quedlinburg",Germany,"Schubert,J.,Habekuss,A.,Wu,B.,Thieme,T.,Wang,X.",2014-04-17T00:00:00Z,,,,,,,,Wheat dwarf virus,,10834
2269,HG313782.1,,,COMPLETE,,Pakistan:Lodhran,Asia,,,,,,,,Gossypium hirsutum,,3635.0,True,,,,2009,,plant leaf,,2586,,,,4.0,,2013-06-13T00:00:00Z,GenBank,,"Ilyas M., Donald Danforth Plant Science Center, IICI Trait Improvement Lab, 975 N Warson Road, Saint Louis, Missouri, 63132",USA,"Manzoor,M.T.,Ilyas,M.,Shafiq,M.,Haider,M.S.,Shahid,A.A.,Briddon,R.W.",2014-05-12T00:00:00Z,,,,,,,,Chickpea chlorotic dwarf virus,,463360
2270,HF968650.1,,,COMPLETE,,Germany:Halle/S.,Europe,,,,,,,,Hordeum vulgare,,4513.0,True,,,,2009-05,DE45BDV,,,2734,,,,4.0,,2013-10-11T00:00:00Z,GenBank,,"Schubert J., Julius Kuehn Inst., Fed. Res. Centre, Inst. for Safety of Biotechn. Methods, Erwin-Baur-Str. 27, D-06484 Quedlinburg",Germany,"Schubert,J.,Habekuss,A.,Wu,B.,Thieme,T.,Wang,X.",2014-04-17T00:00:00Z,,,,,,,,Barley dwarf virus,,497862
2271,HF968649.1,,,COMPLETE,,Austria:Wien/Grossnondorf,Europe,,,,,,,,Hordeum vulgare,,4513.0,True,,,,2012-05,AU196BDV,,,2741,,,,4.0,,2013-10-11T00:00:00Z,GenBank,,"Schubert J., Julius Kuehn Inst., Fed. Res. Centre, Inst. for Safety of Biotechn. Methods, Erwin-Baur-Str. 27, D-06484 Quedlinburg",Germany,"Schubert,J.,Habekuss,A.,Wu,B.,Thieme,T.,Wang,X.",2014-04-17T00:00:00Z,,,,,,,,Barley dwarf virus,,497862
2275,HF968645.1,,,COMPLETE,,Spain:Parque National Izki,Europe,,,,,,,,Hordeum vulgare,,4513.0,True,,,,2012-09,ES3BDV,,,2740,,,,4.0,,2013-10-11T00:00:00Z,GenBank,,"Schubert J., Julius Kuehn Inst., Fed. Res. Centre, Inst. for Safety of Biotechn. Methods, Erwin-Baur-Str. 27, D-06484 Quedlinburg",Germany,"Schubert,J.,Habekuss,A.,Wu,B.,Thieme,T.,Wang,X.",2014-04-17T00:00:00Z,,,,,,,,Barley dwarf virus,,497862
2282,HF968638.1,,,COMPLETE,,France:Lucay,Europe,,,,,,,,Triticum aestivum,,4565.0,True,,,,2010-05,FR68WDV,,,2750,,,,4.0,,2013-10-11T00:00:00Z,GenBank,,"Schubert J., Julius Kuehn Inst., Fed. Res. Centre, Inst. for Safety of Biotechn. Methods, Erwin-Baur-Str. 27, D-06484 Quedlinburg",Germany,"Schubert,J.,Habekuss,A.,Wu,B.,Thieme,T.,Wang,X.",2014-04-17T00:00:00Z,,,,,,,,Wheat dwarf virus,,10834
2284,HF968636.1,,,COMPLETE,,United Kingdom:Elveden,Europe,,,,,,,,Triticum aestivum,,4565.0,True,,,,2012-05,UK193WDV,,,2750,,,,4.0,,2013-10-11T00:00:00Z,GenBank,,"Schubert J., Julius Kuehn Inst., Fed. Res. Centre, Inst. for Safety of Biotechn. Methods, Erwin-Baur-Str. 27, D-06484 Quedlinburg",Germany,"Schubert,J.,Habekuss,A.,Wu,B.,Thieme,T.,Wang,X.",2014-04-17T00:00:00Z,,,,,,,,Wheat dwarf virus,,10834
2289,HE956705.1,,,COMPLETE,,"Pakistan:Punjab,Fortabbas",Asia,,,,,,,,Gossypium hirsutum,,3635.0,True,,,,2010-08-06,TM4,plant leaf,,2585,,,,4.0,,2014-01-06T00:00:00Z,GenBank,,"Institute of Agricultural, IAGS Sciences Punjab University New Campus, Lahore 75000",Pakistan,"Manzoor,M.T.,Ilyas,M.,Shafiq,M.,Haider,M.S.,Shahid,A.A.,Briddon,R.W.",2014-05-12T00:00:00Z,,,,,,,,Chickpea chlorotic dwarf virus,,463360
2317,GQ415396.1,,,COMPLETE,,Mayotte,Africa,,,,,,,,Megathyrsus maximus,,59788.0,True,,,,2008,G_YT_Ben_g384,,,2736,,,,3.0,,2009-12-23T00:00:00Z,GenBank,,"University of Cape Town, Electron Microscope Unit",South Africa,"Varsani,A.,Monjane,A.L.,Donaldson,L.,Oluwafemi,S.,Zinga,I.,Komba,E.K.,Plakoutene,D.,Mandakombo,N.,Mboukoulida,J.,Semballa,S.,Briddon,R.W.,Markham,P.G.,Lett,J.M.,Lefeuvre,P.,Rybicki,E.P.,Martin,D.P.,Lett,J.-M.,Shepherd,D.N.",2009-12-23T00:00:00Z,,,,,,,,Panicum streak virus,,10826
2330,FR687960.1,,,COMPLETE,,Pakistan:North East,Asia,,,,,,,,Cicer arietinum,,3827.0,True,,,,2008-04-29,BGR-3,,,2587,,,,4.0,,2011-06-30T00:00:00Z,GenBank,,"Mumtaz H., Huma ABD, National Institute for Biotechnology and Genetic Engineering P.O 577 Faisalabad",Pakistan,"Mumtaz,H.U.M.A.,Mumtaz,H.",2013-04-04T00:00:00Z,,,,,,,,Chickpea chlorotic dwarf virus,,463360
2331,FR687959.1,,,COMPLETE,,Syria:North East,Asia,,,,,,,,Cicer arietinum,,3827.0,True,,,,2008-05-02,SYR-2,,,2572,,,,4.0,,2011-06-30T00:00:00Z,GenBank,,"Mumtaz H., Huma ABD, National Institute for Biotechnology and Genetic Engineering P.O 577 Faisalabad",Pakistan,"Mumtaz,H.U.M.A.,Mumtaz,H.",2013-04-04T00:00:00Z,,,,,,,,Chickpea chlorotic dwarf virus,,463360
2332,FN806787.1,,,COMPLETE,,Ukraine:Odessa,Europe,,,,,,,,Triticum aestivum,,4565.0,True,,,,2009,WDV-Uk-Odessa,,,2734,,,,2.0,,2010-04-21T00:00:00Z,GenBank,,"Palkovics L., Corvinus University Of Budapest, Department of plant Pathology, Menesi Road 44., H-1118",Hungary,"Tobias,I.,Shevchenko,O.,Kiss,B.,Bysov,A.,Snihur,H.,Polischuk,V.,Palkovics,L.",2010-04-21T00:00:00Z,,,,,,,,Wheat dwarf virus,,10834
2333,FN806786.1,,,COMPLETE,,Hungary:Pula,Europe,,,,,,,,Triticum aestivum,,4565.0,True,,,,2008,WDV-HU-2Marton,,,2750,,,,2.0,,2010-04-21T00:00:00Z,GenBank,,"Palkovics L., Corvinus University Of Budapest, Department of plant Pathology, Menesi Road 44., H-1118",Hungary,"Tobias,I.,Shevchenko,O.,Kiss,B.,Bysov,A.,Snihur,H.,Polischuk,V.,Palkovics,L.",2010-04-21T00:00:00Z,,,,,,,,Wheat dwarf virus,,10834
2334,FN806785.1,,,COMPLETE,,Hungary:Martonvasar,Europe,,,,,,,,Triticum aestivum,,4565.0,True,,,,2008,WDV-HU-2Marton,,,2750,,,,2.0,,2010-04-21T00:00:00Z,GenBank,,"Palkovics L., Corvinus University Of Budapest, Department of plant Pathology, Menesi Road 44., H-1118",Hungary,"Tobias,I.,Shevchenko,O.,Kiss,B.,Bysov,A.,Snihur,H.,Polischuk,V.,Palkovics,L.",2010-04-21T00:00:00Z,,,,,,,,Wheat dwarf virus,,10834
2335,FN806784.1,,,COMPLETE,,Ukraine:Mironivka,Europe,,,,,,,,Triticum aestivum,,4565.0,True,,,,2009,WDV-Uk-Miron,,,2749,,,,2.0,,2010-04-21T00:00:00Z,GenBank,,"Palkovics L., Corvinus University Of Budapest, Department of plant Pathology, Menesi Road 44., H-1118",Hungary,"Tobias,I.,Shevchenko,O.,Kiss,B.,Bysov,A.,Snihur,H.,Polischuk,V.,Palkovics,L.",2010-04-21T00:00:00Z,,,,,,,,Wheat dwarf virus,,10834
2336,FN806783.1,,,COMPLETE,,Ukraine:Glevakha,Europe,,,,,,,,Triticum aestivum,,4565.0,True,,,,2008,WDV-Uk-g,,,2749,,,,2.0,,2010-04-21T00:00:00Z,GenBank,,"Palkovics L., Corvinus University Of Budapest, Department of plant Pathology, Menesi Road 44., H-1118",Hungary,"Tobias,I.,Shevchenko,O.,Kiss,B.,Bysov,A.,Snihur,H.,Polischuk,V.,Palkovics,L.",2010-04-21T00:00:00Z,,,,,,,,Wheat dwarf virus,,10834
2337,FM999833.1,,,COMPLETE,,Hungary:Heves,Europe,,,,,,,,Hordeum vulgare,,4513.0,True,,,,2007-09,HE,,,2734,,,,3.0,,2009-02-19T00:00:00Z,GenBank,,"Palkovics L., Plant Pathology, Corvinus University of Budapest, Menesi Road 44., H-1118",Hungary,"Tobias,I.,Kiss,B.,Palkovics,L.,Salanki,K.",2009-02-19T00:00:00Z,,,,,,,,Wheat dwarf virus,,10834
2338,FM999832.1,,,COMPLETE,,Hungary:Dunakiliti,Europe,,,,,,,,Hordeum vulgare,,4513.0,True,,,,2007-09,D01,,,2734,,,,3.0,,2009-02-19T00:00:00Z,GenBank,,"Palkovics L., Plant Pathology, Corvinus University of Budapest, Menesi Road 44., H-1118",Hungary,"Tobias,I.,Kiss,B.,Palkovics,L.,Salanki,K.",2009-02-19T00:00:00Z,,,,,,,,Wheat dwarf virus,,10834
2339,FM210279.1,,,PARTIAL,,Cameroon:Bambui,Africa,,,,,,,,Zea mays,,4577.0,True,,,,,MB1K1,,,2689,,,,7.0,,2009-03-09T00:00:00Z,GenBank,,"Leke W.N., Department of Plant Biology and Forest Genetics, Swedish University of Agricultural Sciences, Box 7080, SE-750 07, Uppsala",Sweden,"Leke,W.N.,Njualem,D.K.,Nchinda,V.P.,Ngoko,Z.,Zok,S.,Ngeve,J.M.,Brown,J.K.,Kvarnheden,A.",2011-01-04T00:00:00Z,,,,,,,,Maize streak virus - A[Bambui],,559498
2340,FM210034.1,,,COMPLETE,,Hungary:Siofok,Europe,,,,,,,,Hordeum vulgare,,4513.0,True,,,,2003,H07,,,2734,,,,4.0,,2008-09-10T00:00:00Z,GenBank,,"Palkovics L., Plant Pathology, Corvinus University of Budapest, Menesi Road 44., H-1118",Hungary,"Tobias,I.,Kiss,B.,Pajtli,E.,Tholt,G.,Salanki,K.,Palkovics,L.",2016-07-26T00:00:00Z,,,,,,,,Wheat dwarf virus H07,,558674
2384,FJ882106.1,,,COMPLETE,,Chad,Africa,,,,,,,,Zea mays,,4577.0,True,,,,1987,MSV-A_TD_Dja_Mic26-1987,,,2687,,,,3.0,,2009-12-04T00:00:00Z,GenBank,,"University of Cape Town, Electron Microscope Unit",South Africa,"Harkins,G.W.,Martin,D.P.,Duffy,S.,Monjane,A.L.,Shepherd,D.N.,Windram,O.P.,Owor,B.E.,Donaldson,L.,van Antwerpen,T.,Sayed,R.A.,Flett,B.,Ramusi,M.,Rybicki,E.P.,Peterschmitt,M.,Varsani,A.",2009-12-04T00:00:00Z,,,,,,,,Maize streak virus,,10821
2393,FJ882097.1,,,COMPLETE,,Lesotho,Africa,,,,,,,,Zea mays,,4577.0,,,,,2005,MSV-A_LS_Mal3_Les3_2005,,,2690,,,,,,2009-12-04T00:00:00Z,GenBank,,"University of Cape Town, Electron Microscope Unit",South Africa,"Harkins,G.W.,Martin,D.P.,Duffy,S.,Monjane,A.L.,Shepherd,D.N.,Windram,O.P.,Owor,B.E.,Donaldson,L.,van Antwerpen,T.,Sayed,R.A.,Flett,B.,Ramusi,M.,Rybicki,E.P.,Peterschmitt,M.,Varsani,A.",2009-12-04T00:00:00Z,,,,,,,,Maize streak virus,,10821
2403,FJ560946.1,,,PARTIAL,,Peru,South America,,,,,,,,Ipomoea batatas,,4120.0,True,,,,,Huachano1,,,201,,,,1.0,,2009-05-24T00:00:00Z,GenBank,,"International Potato Center (CIP), germplasm enhancement and crop improvement",Peru,"Kreuze,J.F.,Perez,A.,Untiveros,M.,Quispe,D.,Fuentes,S.,Barker,I.,Simon,R.",2016-07-24T00:00:00Z,,,,,,,,Sweet potato symptomless virus 1,,603333
2405,FJ546193.1,,,PARTIAL,,Czech Republic,Europe,,,,,,,,Hordeum vulgare,,4513.0,True,,,,,CZWDV-B,,,2734,,,,4.0,,2009-04-28T00:00:00Z,GenBank,,"Crop Research Institute, Department of Virology",Czech Republic,"Kundu,J.K.,Gadiou,S.,Cervena,G.",2009-04-28T00:00:00Z,,,,,,,,Wheat dwarf virus,,10834
2425,EU628643.1,,,COMPLETE,,Uganda,Africa,,,,,,,,Eustachys petraea,,38698.0,True,,,,2005,MSV-K_Ug-BusD-2005,,,2688,,,,3.0,,2008-09-30T00:00:00Z,GenBank,,"University of Cape Town, Electron Microscope Unit",South Africa,"Varsani,A.,Shepherd,D.N.,Monjane,A.L.,Owor,B.E.,Erdmann,J.B.,Rybicki,E.P.,Peterschmitt,M.,Briddon,R.W.,Markham,P.G.,Oluwafemi,S.,Windram,O.P.,Lefeuvre,P.,Lett,J.M.,Martin,D.P.,Piterschmitt,M.,Lefeurve,P.,Lett,J.-M.",2008-09-30T00:00:00Z,,,,,,,,Maize streak virus,,10821
2437,EU628631.1,,,COMPLETE,,Mali,Africa,,,,,,,,Digitaria,,66017.0,True,,,,1987,MSV-G_Ml-Mic25-1987,,,2688,,,,3.0,,2008-09-30T00:00:00Z,GenBank,,"University of Cape Town, Electron Microscope Unit",South Africa,"Varsani,A.,Shepherd,D.N.,Monjane,A.L.,Owor,B.E.,Erdmann,J.B.,Rybicki,E.P.,Peterschmitt,M.,Briddon,R.W.,Markham,P.G.,Oluwafemi,S.,Windram,O.P.,Lefeuvre,P.,Lett,J.M.,Martin,D.P.,Piterschmitt,M.,Lefeurve,P.,Lett,J.-M.",2008-09-30T00:00:00Z,,,,,,,,Maize streak virus,,10821
2441,EU628627.1,,,COMPLETE,,Burundi,Africa,,,,,,,,,,,True,,,,1990,MSV-F_Bi-Rob3-1990,,,2685,,,,3.0,,2008-09-30T00:00:00Z,GenBank,,"University of Cape Town, Electron Microscope Unit",South Africa,"Varsani,A.,Shepherd,D.N.,Monjane,A.L.,Owor,B.E.,Erdmann,J.B.,Rybicki,E.P.,Peterschmitt,M.,Briddon,R.W.,Markham,P.G.,Oluwafemi,S.,Windram,O.P.,Lefeuvre,P.,Lett,J.M.,Martin,D.P.,Piterschmitt,M.,Lefeurve,P.,Lett,J.-M.",2008-09-30T00:00:00Z,,,,,,,,Maize streak virus,,10821
2505,EU541489.1,,,COMPLETE,,China: Yunnan Kunming,Asia,,,,,,,,,,,True,,,,,YNKM07-29,,,2750,,,,4.0,,2008-03-25T00:00:00Z,GenBank,,"Institute of Plant Protection, Chinese Academy of Agricultural Sciences, Depertment of Plant Virus",China,"Wang,J.,Wu,B.,Wang,X.",2008-03-25T00:00:00Z,,,,,,,,Wheat dwarf virus - [Yunnan Kunming],,452669
2508,EU445697.1,,,COMPLETE,,Nigeria: Ipetumodu,Africa,,,,,,,,,,,True,,,,2007,USV-NIpe,,,2736,,,,3.0,,2008-06-01T00:00:00Z,GenBank,,"University of Cape Town, Electron Microscope Unit",South Africa,"Oluwafemi,S.,Varsani,A.,Monjane,A.L.,Shepherd,D.N.,Owor,B.E.,Rybicki,E.P.,Martin,D.P.",2008-06-23T00:00:00Z,,,,,,,,Urochloa streak virus,,520848
2509,EU445696.1,,,COMPLETE,,Nigeria: Ile Igbo,Africa,,,,,,,,,,,True,,,,2007,USV-NIle,,,2736,,,,3.0,,2008-06-01T00:00:00Z,GenBank,,"University of Cape Town, Electron Microscope Unit",South Africa,"Oluwafemi,S.,Varsani,A.,Monjane,A.L.,Shepherd,D.N.,Owor,B.E.,Rybicki,E.P.,Martin,D.P.",2008-06-23T00:00:00Z,,,,,,,,Urochloa streak virus,,520848
2510,EU445695.1,,,COMPLETE,,Nigeria: Odo Oba,Africa,,,,,,,,,,,True,,,,2007,USV-NOdo,,,2736,,,,3.0,,2008-06-01T00:00:00Z,GenBank,,"University of Cape Town, Electron Microscope Unit",South Africa,"Oluwafemi,S.,Varsani,A.,Monjane,A.L.,Shepherd,D.N.,Owor,B.E.,Rybicki,E.P.,Martin,D.P.",2008-06-23T00:00:00Z,,,,,,,,Urochloa streak virus,,520848
2511,EU445694.1,,,COMPLETE,,Nigeria: Lagbaja,Africa,,,,,,,,,,,True,,,,2007,USV-NLag2,,,2736,,,,3.0,,2008-06-01T00:00:00Z,GenBank,,"University of Cape Town, Electron Microscope Unit",South Africa,"Oluwafemi,S.,Varsani,A.,Monjane,A.L.,Shepherd,D.N.,Owor,B.E.,Rybicki,E.P.,Martin,D.P.",2008-06-23T00:00:00Z,,,,,,,,Urochloa streak virus,,520848
2512,EU445693.1,,,COMPLETE,,Nigeria: Iwo,Africa,,,,,,,,,,,True,,,,2007,USV-NIwo,,,2736,,,,3.0,,2008-06-01T00:00:00Z,GenBank,,"University of Cape Town, Electron Microscope Unit",South Africa,"Oluwafemi,S.,Varsani,A.,Monjane,A.L.,Shepherd,D.N.,Owor,B.E.,Rybicki,E.P.,Martin,D.P.",2008-06-23T00:00:00Z,,,,,,,,Urochloa streak virus,,520848
2514,EU244916.1,,,COMPLETE,,Zimbabwe: Nyangombe,Africa,,,,,,,,Paspalum conjugatum,,158143.0,True,,,,2007-01,SSRV-B[ZmNya],,,2740,,,,3.0,,2008-02-15T00:00:00Z,GenBank,,"Univeristy of Cape Town, Electron Microscope Unit/Dept. of Molecular and Cell Biology",South Africa,"Shepherd,D.N.,Varsani,A.,Windram,O.P.,Lefeuvre,P.,Monjane,A.L.,Owor,B.E.,Martin,D.P.,Shepherd,D.,Martin,D.,Windram,O.,Monjane,A.,Owor,B.",2008-02-29T00:00:00Z,,,,,,,,Sugarcane streak Reunion virus,,78395
2516,EU244914.1,,,COMPLETE,,Reunion: St Denis,Africa,,,,,,,,Cenchrus myosuroides,,192626.0,True,,,,2006-06,SSV-B[RPie],,,2745,,,,3.0,,2008-02-15T00:00:00Z,GenBank,,"Univeristy of Cape Town, Electron Microscope Unit/Dept. of Molecular and Cell Biology",South Africa,"Shepherd,D.N.,Varsani,A.,Windram,O.P.,Lefeuvre,P.,Monjane,A.L.,Owor,B.E.,Martin,D.P.,Shepherd,D.,Martin,D.,Windram,O.,Monjane,A.,Owor,B.",2008-02-29T00:00:00Z,,,,,,,,Sugarcane streak virus,,10836
2517,EU244913.1,,,COMPLETE,,Reunion: Bassin Martin,Africa,,,,,,,,Setaria barbata,,192628.0,True,,,,2006-06,SSRV-A[RBas],,,2736,,,,3.0,,2008-02-15T00:00:00Z,GenBank,,"Univeristy of Cape Town, Electron Microscope Unit/Dept. of Molecular and Cell Biology",South Africa,"Shepherd,D.N.,Varsani,A.,Windram,O.P.,Lefeuvre,P.,Monjane,A.L.,Owor,B.E.,Martin,D.P.,Shepherd,D.,Martin,D.,Windram,O.,Monjane,A.,Owor,B.",2008-02-29T00:00:00Z,,,,,,,,Sugarcane streak Reunion virus,,78395
2518,EU224265.1,,,COMPLETE,,Nigeria: Ifon Town,Africa,,,,,,,,Megathyrsus maximus,,59788.0,True,,,,2007-01,PanSV-D[NIfo],,,2707,,,,3.0,,2008-02-15T00:00:00Z,GenBank,,"University of Cape Town, Electron Microscope Unit, Dept. of Molecular and Cell Biology",South Africa,"Varsani,A.,Oluwafemi,S.,Windram,O.P.,Shepherd,D.N.,Monjane,A.L.,Owor,B.E.,Rybicki,E.P.,Lefeuvre,P.,Martin,D.P.,Shepherd,D.,Monjane,A.,Owor,B.,Windram,O.,Rybicki,E.,Martin,D.",2008-02-29T00:00:00Z,,,,,,,,Panicum streak virus,,10826
2521,EU224262.1,,,COMPLETE,,South Africa: Durban,Africa,,,,,,,,Ehrharta calycina,,38695.0,True,,,,2007-01,PanSV-A[SFor],,,2705,,,,3.0,,2008-02-15T00:00:00Z,GenBank,,"University of Cape Town, Electron Microscope Unit, Dept. of Molecular and Cell Biology",South Africa,"Varsani,A.,Oluwafemi,S.,Windram,O.P.,Shepherd,D.N.,Monjane,A.L.,Owor,B.E.,Rybicki,E.P.,Lefeuvre,P.,Martin,D.P.,Shepherd,D.,Monjane,A.,Owor,B.,Windram,O.,Rybicki,E.,Martin,D.",2008-02-29T00:00:00Z,,,,,,,,Panicum streak virus,,10826
2522,EU224261.1,,,COMPLETE,,South Africa: Bakubung,Africa,,,,,,,,Ehrharta calycina,,38695.0,True,,,,2005-06,PanSV-A[SBak],,,2705,,,,3.0,,2008-02-15T00:00:00Z,GenBank,,"University of Cape Town, Electron Microscope Unit, Dept. of Molecular and Cell Biology",South Africa,"Varsani,A.,Oluwafemi,S.,Windram,O.P.,Shepherd,D.N.,Monjane,A.L.,Owor,B.E.,Rybicki,E.P.,Lefeuvre,P.,Martin,D.P.,Shepherd,D.,Monjane,A.,Owor,B.,Windram,O.,Rybicki,E.,Martin,D.",2008-02-29T00:00:00Z,,,,,,,,Panicum streak virus,,10826
2599,EF536882.1,,,COMPLETE,,China: Sanxi Yangling,Asia,,,,,,,,,,,True,,,,,SXYL05-6,,,2750,,,,4.0,,2007-07-15T00:00:00Z,GenBank,,"Institute of Plant Protection, Chinese Academy of Agricultural Sciences, Department of Pathology",China,"Wu,B.,Melcher,U.,Guo,X.,Wang,X.,Fan,L.,Zhou,G.",2009-01-29T00:00:00Z,,,,,,,,Wheat dwarf virus - [Sanxi Yangling],,452667
2605,EF536876.1,,,COMPLETE,,China: Sanxi Yuncheng,Asia,,,,,,,,,,,True,,,,,SXYC05-3,,,2750,,,,4.0,,2007-07-15T00:00:00Z,GenBank,,"Institute of Plant Protection, Chinese Academy of Agricultural Sciences, Department of Pathology",China,"Wu,B.,Melcher,U.,Guo,X.,Wang,X.,Fan,L.,Zhou,G.",2009-01-29T00:00:00Z,,,,,,,,Wheat dwarf virus - [Sanxi Yuncheng],,452668
2607,EF536874.1,,,COMPLETE,,China: Sanxi Taiyuan,Asia,,,,,,,,,,,True,,,,,SXTY05-3,,,2750,,,,4.0,,2007-07-15T00:00:00Z,GenBank,,"Institute of Plant Protection, Chinese Academy of Agricultural Sciences, Department of Pathology",China,"Wu,B.,Melcher,U.,Guo,X.,Wang,X.,Fan,L.,Zhou,G.",2009-01-29T00:00:00Z,,,,,,,,Wheat dwarf virus - [Sanxi Taiyuan],,452666
2610,EF536871.1,,,COMPLETE,,China: Hebei Shijiazhuang,Asia,,,,,,,,,,,True,,,,,HBSJZ06-12,,,2750,,,,4.0,,2007-07-15T00:00:00Z,GenBank,,"Institute of Plant Protection, Chinese Academy of Agricultural Sciences, Department of Pathology",China,"Wu,B.,Melcher,U.,Guo,X.,Wang,X.,Fan,L.,Zhou,G.",2009-01-29T00:00:00Z,,,,,,,,Wheat dwarf virus - [Hebei Shijiazhuang],,452664
2620,EF536861.1,,,COMPLETE,,China: Henan zhengzhou,Asia,,,,,,,,,,,True,,,,,HNZZ05,,,2750,,,,4.0,,2007-07-15T00:00:00Z,GenBank,,"Institute of Plant Protection, Chinese Academy of Agricultural Sciences, Department of Pathology",China,"Wu,B.,Melcher,U.,Guo,X.,Wang,X.,Fan,L.,Zhou,G.",2009-01-29T00:00:00Z,,,,,,,,Wheat dwarf virus - [Henan zhengzhou],,452665
2621,EF536860.1,,,COMPLETE,,China: Gansu Gangu,Asia,,,,,,,,,,,True,,,,,GSGG05-2,,,2750,,,,4.0,,2007-07-15T00:00:00Z,GenBank,,"Institute of Plant Protection, Chinese Academy of Agricultural Sciences, Department of Pathology",China,"Wu,B.,Melcher,U.,Guo,X.,Wang,X.,Fan,L.,Zhou,G.",2009-01-29T00:00:00Z,,,,,,,,Wheat dwarf virus - [Gansu Gangu],,452663
2661,AM989927.1,,,COMPLETE,,Bulgaria:Sofia,Europe,,,,,,,,Hordeum vulgare,,4513.0,True,,,,2006,Bg17,,,2734,,,,4.0,,2008-05-07T00:00:00Z,GenBank,,"Palkovics L., Plant Pathology, Corvinus University of Budapest, Menesi Road 44., H-1118",Hungary,"Tobias,I.,Kiss,B.,Bakardjieva,N.,Palkovics,L.",2016-07-26T00:00:00Z,,,,,,,,Wheat dwarf virus Bg17,,522359
2662,AM980883.1,,,PARTIAL,,Germany:Saxony Anhalt,Europe,,,,,,,,Hordeum vulgare,,4513.0,True,,,,2007-03-31,,,,2420,,,,4.0,,2008-05-01T00:00:00Z,GenBank,,"Schubert J., Inst. for Biosaf. of Genet. Modif. Plants, Julius Kuehn Inst., Fed. Res. Centre, Erwin-Baur-Str. 27, D-06484 Quedlinburg",Germany,"Schubert,J.,Habekuss,A.,Qui,Y.,Zhou,X.",2008-05-01T00:00:00Z,,,,,,,,Wheat dwarf virus - barley/SxA43-16,,520123
2666,AM933135.1,,,COMPLETE,,Sudan:Abu Haraz,Africa,,,,,,,,Cicer arietinum,,3827.0,True,,,,1997,,,,2573,,,,4.0,,2008-01-22T00:00:00Z,GenBank,,"Gronenborn B., Institut des Sciences du Vegetal, Centre National de Recherche Scientifiqu, Gif sur Yvette, 91198",France,"Hassan,M.M.,Timchenko,T.,Hamed,A.M.,Dafalla,G.A.,Vetten,H.-J.,Gronenborn,B.",2013-04-04T00:00:00Z,,,,,,,,Chickpea chlorotic dwarf virus,,463360
2668,AM932876.1,,,COMPLETE,,"Germany:Saxony-Anhalt, Petersdorf",Europe,,,,,,,,Hordeum vulgare,,4513.0,True,,,,2007-03-12,SA43Ecokl14,,,559,,,,1.0,,2009-01-10T00:00:00Z,GenBank,,"Schubert J., Inst. for Biosaf. of Genet. Modif.Plants, Julius Kuehn Inst., Fed. Res. Centre, Erwin-Baur-Str. 27, D-06484 Quedlinburg",Germany,"Schubert,J.,Habekuss,A.,Qui,Y.,Zhou,X.",2009-01-10T00:00:00Z,,,,,,,,Barley dwarf virus,,497862
2670,AM922264.1,,,COMPLETE,,"Germany:Saxony-Anhalt, Salzmuende",Europe,,,,,,,,Hordeum vulgare,,4513.0,True,,,,2007-03-12,SA12EcoSm4,,,618,,,,1.0,,2008-12-14T00:00:00Z,GenBank,,"Schubert J., Institute of Resistance Research, Federal Centre for Breeding Research, Erwin-Baur-Str. 27, D-06484 Quedlinburg",Germany,"Schubert,J.,Habekuss,A.,Qui,Y.,Zhou,X.",2008-12-14T00:00:00Z,,,,,,,,Barley dwarf virus,,497862
2671,AM922263.1,,,COMPLETE,,Germany:Saxony-Anhalt Petersdorf,Europe,,,,,,,,Hordeum vulgare,,4513.0,True,,,,2007-03-12,SA43Ecogr15,,,1894,,,,3.0,,2008-12-14T00:00:00Z,GenBank,,"Schubert J., Institute of Resistance Research, Federal Centre for Breeding Research, Erwin-Baur-Str. 27, D-06484 Quedlinburg",Germany,"Schubert,J.,Habekuss,A.,Qui,Y.,Zhou,X.",2008-12-14T00:00:00Z,,,,,,,,Barley dwarf virus,,497862
2674,AM922260.1,,,COMPLETE,,"Germany:Saxony-Anhalt, Schwerz",Europe,,,,,,,,Hordeum vulgare,,4513.0,True,,,,2007-03-12,SA45EcoFL38,,,2734,,,,4.0,,2008-12-14T00:00:00Z,GenBank,,"Schubert J., Institute of Resistance Research, Federal Centre for Breeding Research, Erwin-Baur-Str. 27, D-06484 Quedlinburg",Germany,"Schubert,J.,Habekuss,A.,Qui,Y.,Zhou,X.",2013-04-04T00:00:00Z,,,,,,,,Wheat dwarf virus,,10834
2677,AM921994.1,,,COMPLETE,,"Germany:Saxony-Anhalt, Zappendorf",Europe,,,,,,,,Hordeum vulgare,,4513.0,True,,,,2007-03-12,SA6PstFL1,,,2735,,,,4.0,,2008-12-14T00:00:00Z,GenBank,,"Schubert J., Institute of Resistance Research, Federal Centre for Breeding Research, Erwin-Baur-Str. 27, D-06484 Quedlinburg",Germany,"Schubert,J.,Habekuss,A.,Qui,Y.,Zhou,X.",2013-04-04T00:00:00Z,,,,,,,,Wheat dwarf virus,,10834
2679,AM921992.1,,,COMPLETE,,"Germany:Saxony-Anhalt, Doelau",Europe,,,,,,,,Hordeum vulgare,,4513.0,True,,,,2007-03-12,SA1EcoFL2,,,2734,,,,4.0,,2008-12-14T00:00:00Z,GenBank,,"Schubert J., Institute of Resistance Research, Federal Centre for Breeding Research, Erwin-Baur-Str. 27, D-06484 Quedlinburg",Germany,"Schubert,J.,Habekuss,A.,Qui,Y.,Zhou,X.",2013-04-04T00:00:00Z,,,,,,,,Wheat dwarf virus,,10834
2684,AM849097.1,,,COMPLETE,,Pakistan:Faisalabad,Asia,,,,,,,,,,,True,,,,2005,,plant leaf,,2581,,,,4.0,,2008-07-17T00:00:00Z,GenBank,,"Nahid N., Plant Biotechnology Division, NIBGE, Jhang Road Faisalabad, P.O. Box 577, 38000",Pakistan,"Nahid,N.,Amin,I.,Mansoor,S.,Rybicki,E.P.,van der Walt,E.,Briddon,R.W.",2013-04-04T00:00:00Z,,,,,,,,Chickpea chlorotic dwarf virus,,463360
2686,AM747816.1,,,PARTIAL,,Hungary,Europe,,,,,,,,Hordeum vulgare,,4513.0,True,,,,,Barley,,,2734,,,,4.0,,2008-06-20T00:00:00Z,GenBank,,"Ramsell J.N.E., Dept. of Plant Biol. and Forest Genetics, Swedish Univ. of Agricultural Sciences, P.O. Box 7080, SE-750 07 Uppsala",Sweden,"Ramsell,J.N.E.,Boulton,M.I.,Martin,D.P.,Valkonen,J.P.T.,Kvarnheden,A.",2009-12-03T00:00:00Z,,,,,,,,Wheat dwarf virus,,10834
2706,AM491474.1,,,PARTIAL,,Finland,Europe,,,,,,,,Triticum aestivum,,4565.0,True,,,,,Finland 6,,,1162,,,,2.0,,2008-02-02T00:00:00Z,GenBank,,"Ramsell J.N.E., Dept of Plant Biol and Forest Genetics, Swedish Univ of Agricultural Sciences, P.O. Box 7080, SE-750 07 Uppsala",Sweden,"Ramsell,J.N.E.,Lemmetty,A.,Jonasson,J.,Andersson,A.,Sigvald,R.,Kvarnheden,A.",2016-07-26T00:00:00Z,,,,,,,,Wheat dwarf virus,,10834
2708,AM411652.1,,,PARTIAL,,Germany:Baden-Wuerttemberg,Europe,,,,,,,,Hordeum vulgare,,4513.0,True,,,,2005-10,Baden-Wuerttemberg 2,,,2735,,,,3.0,,2007-03-21T00:00:00Z,GenBank,,"Jeske H., Molecular Biology and Virology of Plants, University of Stuttgart, Pfaffenwaldring 57, Stuttgart, 70550",Germany,"Schubert,J.,Habekuss,A.,Kazmaier,K.,Jeske,H.",2007-06-18T00:00:00Z,,,,,,,,Wheat dwarf virus - barley[Germany:Baden:2005],,434026
2718,AM040733.1,,,COMPLETE,,Hungary:Nagykovacsi,Europe,,,,,,,,Triticum aestivum,,4565.0,True,,True,,,WDV-F,,Triticum aestivum (wheat),2750,,,,4.0,,2005-06-28T00:00:00Z,GenBank,,"Palkovics L., Plant pathology, Corvinus University of Budapest, Budapest, Menesi str. 44., H-1118",Hungary,"Tobias,I.,Kiss,B.,Palkovics,L.",2005-06-28T00:00:00Z,,,,,,,,Wheat dwarf virus,,10834
2726,AJ811960.1,,,PARTIAL,,Turkey:Cerkezkoy,Asia,,,,,,,,Hordeum vulgare,,4513.0,True,,,,,Cerkezkoy,,,1158,,,,2.0,,2006-06-23T00:00:00Z,GenBank,,"Koklu G., Plant Protection, Trakya University Tekirdag Fac of Agric, 59030, Tekirdag",Turkey,"Koklu,G.,Ramsell,J.N.,Kvarnheden,A.,Ramsell,J.",2016-07-14T00:00:00Z,,,,,,,,Wheat dwarf virus,,10834
