Accession	BioProjects	BioSample accession	Completeness	Gene count	Geographic Location	Geographic Region	Host Common Name	Host Infraspecific Names Breed	Host Infraspecific Names Cultivar	Host Infraspecific Names Ecotype	Host Infraspecific Names Isolate	Host Infraspecific Names Sex	Host Infraspecific Names Strain	Host Name	Host Pangolin Classification	Host Taxonomic ID	Is Annotated	Is Complete	Is Lab Host	Is Vaccine Strain	Isolate Collection date	Isolate Lineage	Isolate Lineage source	Lab Host	Length	Mature peptide count	Molecule type	Nucleotide completeness	Protein count	Purpose of Sampling	Release date	Source database	SRA Accessions	Submitter Affiliation	Submitter Country	Submitter Names	Update date	Virus Common Name	Virus Infraspecific Names Breed	Virus Infraspecific Names Cultivar	Virus Infraspecific Names Ecotype	Virus Infraspecific Names Isolate	Virus Infraspecific Names Sex	Virus Infraspecific Names Strain	Virus Name	Virus Pangolin Classification	Virus Taxonomic ID
NC_055584.1	PRJNA485481		COMPLETE		USA	North America								Opuntia echios var. echios		412454	true				2017	DBG_14_1	plant tissue		2945				6		2021-06-01T00:00:00Z	RefSeq		National Center for Biotechnology Information, NIH	USA	Fontenele,R.S.,Schmidlin,K.,Majure,L.,Salywon,A.,Kraberger,S.,Wojciechowski,M.,Cobb,I.,Varsani,A.	2021-06-08T00:00:00Z								Opuntia virus 1		2706523
MN100038.1			COMPLETE		USA	North America								Opuntia		106975	true				2018	TM_cacti_2_2	plant tissue		2948				6		2020-02-10T00:00:00Z	GenBank		Arizona State University - The Biodesign Institute, Center for Fundamental and Applied Metagenomics	USA	Fontenele,R.S.,Schmidlin,K.,Majure,L.,Salywon,A.,Kraberger,S.,Wojciechowski,M.,Cobb,I.,Varsani,A.	2020-02-10T00:00:00Z								Opuntia virus 1		2706523
MN100037.1			COMPLETE		USA	North America								Opuntia		106975	true				2018	TM_cacti_2_1	plant tissue		2948				6		2020-02-10T00:00:00Z	GenBank		Arizona State University - The Biodesign Institute, Center for Fundamental and Applied Metagenomics	USA	Fontenele,R.S.,Schmidlin,K.,Majure,L.,Salywon,A.,Kraberger,S.,Wojciechowski,M.,Cobb,I.,Varsani,A.	2020-02-10T00:00:00Z								Opuntia virus 1		2706523
MN100036.1			COMPLETE		USA	North America								Coccoidea		33381	true				2018	SI_39	plant tissue		2962				6		2020-02-10T00:00:00Z	GenBank		Arizona State University - The Biodesign Institute, Center for Fundamental and Applied Metagenomics	USA	Fontenele,R.S.,Schmidlin,K.,Majure,L.,Salywon,A.,Kraberger,S.,Wojciechowski,M.,Cobb,I.,Varsani,A.	2020-02-10T00:00:00Z								Opuntia virus 1		2706523
MN100035.1			COMPLETE		USA	North America								Coccoidea		33381	true				2018	SI_35	plant tissue		2961				6		2020-02-10T00:00:00Z	GenBank		Arizona State University - The Biodesign Institute, Center for Fundamental and Applied Metagenomics	USA	Fontenele,R.S.,Schmidlin,K.,Majure,L.,Salywon,A.,Kraberger,S.,Wojciechowski,M.,Cobb,I.,Varsani,A.	2020-02-10T00:00:00Z								Opuntia virus 1		2706523
MN100034.1			COMPLETE		USA	North America								Coccoidea		33381	true				2018	SI_33	plant tissue		2946				6		2020-02-10T00:00:00Z	GenBank		Arizona State University - The Biodesign Institute, Center for Fundamental and Applied Metagenomics	USA	Fontenele,R.S.,Schmidlin,K.,Majure,L.,Salywon,A.,Kraberger,S.,Wojciechowski,M.,Cobb,I.,Varsani,A.	2020-02-10T00:00:00Z								Opuntia virus 1		2706523
MN100033.1			COMPLETE		USA	North America								Coccoidea		33381	true				2018	SI_28	plant tissue		2945				6		2020-02-10T00:00:00Z	GenBank		Arizona State University - The Biodesign Institute, Center for Fundamental and Applied Metagenomics	USA	Fontenele,R.S.,Schmidlin,K.,Majure,L.,Salywon,A.,Kraberger,S.,Wojciechowski,M.,Cobb,I.,Varsani,A.	2020-02-10T00:00:00Z								Opuntia virus 1		2706523
MN100032.1			COMPLETE		USA	North America								Coccoidea		33381	true				2018	SI_23	plant tissue		2960				6		2020-02-10T00:00:00Z	GenBank		Arizona State University - The Biodesign Institute, Center for Fundamental and Applied Metagenomics	USA	Fontenele,R.S.,Schmidlin,K.,Majure,L.,Salywon,A.,Kraberger,S.,Wojciechowski,M.,Cobb,I.,Varsani,A.	2020-02-10T00:00:00Z								Opuntia virus 1		2706523
MN100031.1			COMPLETE		USA	North America								Coccoidea		33381	true				2017	SI_9_2	plant tissue		2940				6		2020-02-10T00:00:00Z	GenBank		Arizona State University - The Biodesign Institute, Center for Fundamental and Applied Metagenomics	USA	Fontenele,R.S.,Schmidlin,K.,Majure,L.,Salywon,A.,Kraberger,S.,Wojciechowski,M.,Cobb,I.,Varsani,A.	2020-02-10T00:00:00Z								Opuntia virus 1		2706523
MN100030.1			COMPLETE		USA	North America								Coccoidea		33381	true				2017	SI_9_1	plant tissue		2940				6		2020-02-10T00:00:00Z	GenBank		Arizona State University - The Biodesign Institute, Center for Fundamental and Applied Metagenomics	USA	Fontenele,R.S.,Schmidlin,K.,Majure,L.,Salywon,A.,Kraberger,S.,Wojciechowski,M.,Cobb,I.,Varsani,A.	2020-02-10T00:00:00Z								Opuntia virus 1		2706523
MN100029.1			COMPLETE		USA	North America								Coccoidea		33381	true				2017	SI_7_3	plant tissue		2940				6		2020-02-10T00:00:00Z	GenBank		Arizona State University - The Biodesign Institute, Center for Fundamental and Applied Metagenomics	USA	Fontenele,R.S.,Schmidlin,K.,Majure,L.,Salywon,A.,Kraberger,S.,Wojciechowski,M.,Cobb,I.,Varsani,A.	2020-02-10T00:00:00Z								Opuntia virus 1		2706523
MN100028.1			COMPLETE		USA	North America								Coccoidea		33381	true				2017	SI_7_2	plant tissue		2940				6		2020-02-10T00:00:00Z	GenBank		Arizona State University - The Biodesign Institute, Center for Fundamental and Applied Metagenomics	USA	Fontenele,R.S.,Schmidlin,K.,Majure,L.,Salywon,A.,Kraberger,S.,Wojciechowski,M.,Cobb,I.,Varsani,A.	2020-02-10T00:00:00Z								Opuntia virus 1		2706523
MN100027.1			COMPLETE		USA	North America								Coccoidea		33381	true				2017	SI_7_1	plant tissue		2940				6		2020-02-10T00:00:00Z	GenBank		Arizona State University - The Biodesign Institute, Center for Fundamental and Applied Metagenomics	USA	Fontenele,R.S.,Schmidlin,K.,Majure,L.,Salywon,A.,Kraberger,S.,Wojciechowski,M.,Cobb,I.,Varsani,A.	2020-02-10T00:00:00Z								Opuntia virus 1		2706523
MN100026.1			COMPLETE		USA	North America								Coccoidea		33381	true				2017	SI_1_4	plant tissue		2945				6		2020-02-10T00:00:00Z	GenBank		Arizona State University - The Biodesign Institute, Center for Fundamental and Applied Metagenomics	USA	Fontenele,R.S.,Schmidlin,K.,Majure,L.,Salywon,A.,Kraberger,S.,Wojciechowski,M.,Cobb,I.,Varsani,A.	2020-02-10T00:00:00Z								Opuntia virus 1		2706523
MN100025.1			COMPLETE		USA	North America								Coccoidea		33381	true				2017	SI_1_3	plant tissue		2945				6		2020-02-10T00:00:00Z	GenBank		Arizona State University - The Biodesign Institute, Center for Fundamental and Applied Metagenomics	USA	Fontenele,R.S.,Schmidlin,K.,Majure,L.,Salywon,A.,Kraberger,S.,Wojciechowski,M.,Cobb,I.,Varsani,A.	2020-02-10T00:00:00Z								Opuntia virus 1		2706523
MN100024.1			COMPLETE		USA	North America								Coccoidea		33381	true				2017	SI_1_2	plant tissue		2945				6		2020-02-10T00:00:00Z	GenBank		Arizona State University - The Biodesign Institute, Center for Fundamental and Applied Metagenomics	USA	Fontenele,R.S.,Schmidlin,K.,Majure,L.,Salywon,A.,Kraberger,S.,Wojciechowski,M.,Cobb,I.,Varsani,A.	2020-02-10T00:00:00Z								Opuntia virus 1		2706523
MN100023.1			COMPLETE		USA	North America								Coccoidea		33381	true				2017	SI_1_1	plant tissue		2945				6		2020-02-10T00:00:00Z	GenBank		Arizona State University - The Biodesign Institute, Center for Fundamental and Applied Metagenomics	USA	Fontenele,R.S.,Schmidlin,K.,Majure,L.,Salywon,A.,Kraberger,S.,Wojciechowski,M.,Cobb,I.,Varsani,A.	2020-02-10T00:00:00Z								Opuntia virus 1		2706523
MN100022.1			COMPLETE		USA	North America								Coccoidea		33381	true				2017	SI_0_4	plant tissue		2940				6		2020-02-10T00:00:00Z	GenBank		Arizona State University - The Biodesign Institute, Center for Fundamental and Applied Metagenomics	USA	Fontenele,R.S.,Schmidlin,K.,Majure,L.,Salywon,A.,Kraberger,S.,Wojciechowski,M.,Cobb,I.,Varsani,A.	2020-02-10T00:00:00Z								Opuntia virus 1		2706523
MN100021.1			COMPLETE		USA	North America								Coccoidea		33381	true				2017	SI_0_3	plant tissue		2940				6		2020-02-10T00:00:00Z	GenBank		Arizona State University - The Biodesign Institute, Center for Fundamental and Applied Metagenomics	USA	Fontenele,R.S.,Schmidlin,K.,Majure,L.,Salywon,A.,Kraberger,S.,Wojciechowski,M.,Cobb,I.,Varsani,A.	2020-02-10T00:00:00Z								Opuntia virus 1		2706523
MN100020.1			COMPLETE		USA	North America								Coccoidea		33381	true				2017	SI_0_2	plant tissue		2940				6		2020-02-10T00:00:00Z	GenBank		Arizona State University - The Biodesign Institute, Center for Fundamental and Applied Metagenomics	USA	Fontenele,R.S.,Schmidlin,K.,Majure,L.,Salywon,A.,Kraberger,S.,Wojciechowski,M.,Cobb,I.,Varsani,A.	2020-02-10T00:00:00Z								Opuntia virus 1		2706523
MN100019.1			COMPLETE		USA	North America								Coccoidea		33381	true				2017	SI_0_1	plant tissue		2940				6		2020-02-10T00:00:00Z	GenBank		Arizona State University - The Biodesign Institute, Center for Fundamental and Applied Metagenomics	USA	Fontenele,R.S.,Schmidlin,K.,Majure,L.,Salywon,A.,Kraberger,S.,Wojciechowski,M.,Cobb,I.,Varsani,A.	2020-02-10T00:00:00Z								Opuntia virus 1		2706523
MN100018.1			COMPLETE		USA	North America								Cylindropuntia arbuscula		866978	true				2015	LCM_91_2	plant tissue		2946				6		2020-02-10T00:00:00Z	GenBank		Arizona State University - The Biodesign Institute, Center for Fundamental and Applied Metagenomics	USA	Fontenele,R.S.,Schmidlin,K.,Majure,L.,Salywon,A.,Kraberger,S.,Wojciechowski,M.,Cobb,I.,Varsani,A.	2020-02-10T00:00:00Z								Opuntia virus 1		2706523
MN100017.1			COMPLETE		USA	North America								Cylindropuntia arbuscula		866978	true				2015	LCM_91_1	plant tissue		2947				6		2020-02-10T00:00:00Z	GenBank		Arizona State University - The Biodesign Institute, Center for Fundamental and Applied Metagenomics	USA	Fontenele,R.S.,Schmidlin,K.,Majure,L.,Salywon,A.,Kraberger,S.,Wojciechowski,M.,Cobb,I.,Varsani,A.	2020-02-10T00:00:00Z								Opuntia virus 1		2706523
MN100016.1			COMPLETE		USA	North America								Opuntia aureispina		1041215	true				2015	LCM_85	plant tissue		2945				6		2020-02-10T00:00:00Z	GenBank		Arizona State University - The Biodesign Institute, Center for Fundamental and Applied Metagenomics	USA	Fontenele,R.S.,Schmidlin,K.,Majure,L.,Salywon,A.,Kraberger,S.,Wojciechowski,M.,Cobb,I.,Varsani,A.	2020-02-10T00:00:00Z								Opuntia virus 1		2706523
MN100015.1			COMPLETE		USA	North America								Opuntia echios var. echios		412454	true				2018	DBG_48	plant tissue		2945				6		2020-02-10T00:00:00Z	GenBank		Arizona State University - The Biodesign Institute, Center for Fundamental and Applied Metagenomics	USA	Fontenele,R.S.,Schmidlin,K.,Majure,L.,Salywon,A.,Kraberger,S.,Wojciechowski,M.,Cobb,I.,Varsani,A.	2020-02-10T00:00:00Z								Opuntia virus 1		2706523
MN100014.1			COMPLETE		USA	North America								Opuntia echios var. echios		412454	true				2018	DBG_47	plant tissue		2945				6		2020-02-10T00:00:00Z	GenBank		Arizona State University - The Biodesign Institute, Center for Fundamental and Applied Metagenomics	USA	Fontenele,R.S.,Schmidlin,K.,Majure,L.,Salywon,A.,Kraberger,S.,Wojciechowski,M.,Cobb,I.,Varsani,A.	2020-02-10T00:00:00Z								Opuntia virus 1		2706523
MN100013.1			COMPLETE		USA	North America								Opuntia echios var. echios		412454	true				2018	DBG_46	plant tissue		2946				6		2020-02-10T00:00:00Z	GenBank		Arizona State University - The Biodesign Institute, Center for Fundamental and Applied Metagenomics	USA	Fontenele,R.S.,Schmidlin,K.,Majure,L.,Salywon,A.,Kraberger,S.,Wojciechowski,M.,Cobb,I.,Varsani,A.	2020-02-10T00:00:00Z								Opuntia virus 1		2706523
MN100012.1			COMPLETE		USA	North America								Opuntia engelmannii		867486	true				2018	DBG_42_2	plant tissue		2961				6		2020-02-10T00:00:00Z	GenBank		Arizona State University - The Biodesign Institute, Center for Fundamental and Applied Metagenomics	USA	Fontenele,R.S.,Schmidlin,K.,Majure,L.,Salywon,A.,Kraberger,S.,Wojciechowski,M.,Cobb,I.,Varsani,A.	2020-02-10T00:00:00Z								Opuntia virus 1		2706523
MN100011.1			COMPLETE		USA	North America								Opuntia engelmannii		867486	true				2018	DBG_42_1	plant tissue		2945				6		2020-02-10T00:00:00Z	GenBank		Arizona State University - The Biodesign Institute, Center for Fundamental and Applied Metagenomics	USA	Fontenele,R.S.,Schmidlin,K.,Majure,L.,Salywon,A.,Kraberger,S.,Wojciechowski,M.,Cobb,I.,Varsani,A.	2020-02-10T00:00:00Z								Opuntia virus 1		2706523
MN100010.1			COMPLETE		USA	North America								Opuntia x rooneyi		2706540	true				2018	DBG_41	plant tissue		2962				6		2020-02-10T00:00:00Z	GenBank		Arizona State University - The Biodesign Institute, Center for Fundamental and Applied Metagenomics	USA	Fontenele,R.S.,Schmidlin,K.,Majure,L.,Salywon,A.,Kraberger,S.,Wojciechowski,M.,Cobb,I.,Varsani,A.	2020-02-10T00:00:00Z								Opuntia virus 1		2706523
MN100009.1			COMPLETE		USA	North America								Opuntia martiniana		1041247	true				2018	DBG_38	plant tissue		2961				6		2020-02-10T00:00:00Z	GenBank		Arizona State University - The Biodesign Institute, Center for Fundamental and Applied Metagenomics	USA	Fontenele,R.S.,Schmidlin,K.,Majure,L.,Salywon,A.,Kraberger,S.,Wojciechowski,M.,Cobb,I.,Varsani,A.	2020-02-10T00:00:00Z								Opuntia virus 1		2706523
MN100008.1			COMPLETE		USA	North America								Opuntia engelmannii		867486	true				2018	DBG_36	plant tissue		2945				6		2020-02-10T00:00:00Z	GenBank		Arizona State University - The Biodesign Institute, Center for Fundamental and Applied Metagenomics	USA	Fontenele,R.S.,Schmidlin,K.,Majure,L.,Salywon,A.,Kraberger,S.,Wojciechowski,M.,Cobb,I.,Varsani,A.	2020-02-10T00:00:00Z								Opuntia virus 1		2706523
MN100007.1			COMPLETE		USA	North America								Opuntia robusta		515226	true				2018	DBG_34	plant tissue		2947				6		2020-02-10T00:00:00Z	GenBank		Arizona State University - The Biodesign Institute, Center for Fundamental and Applied Metagenomics	USA	Fontenele,R.S.,Schmidlin,K.,Majure,L.,Salywon,A.,Kraberger,S.,Wojciechowski,M.,Cobb,I.,Varsani,A.	2020-02-10T00:00:00Z								Opuntia virus 1		2706523
MN100006.1			COMPLETE		USA	North America								Opuntia mackensenii		2706541	true				2018	DBG_31_2	plant tissue		2945				6		2020-02-10T00:00:00Z	GenBank		Arizona State University - The Biodesign Institute, Center for Fundamental and Applied Metagenomics	USA	Fontenele,R.S.,Schmidlin,K.,Majure,L.,Salywon,A.,Kraberger,S.,Wojciechowski,M.,Cobb,I.,Varsani,A.	2020-02-10T00:00:00Z								Opuntia virus 1		2706523
MN100005.1			COMPLETE		USA	North America								Opuntia mackensenii		2706541	true				2018	DBG_31_1	plant tissue		2945				6		2020-02-10T00:00:00Z	GenBank		Arizona State University - The Biodesign Institute, Center for Fundamental and Applied Metagenomics	USA	Fontenele,R.S.,Schmidlin,K.,Majure,L.,Salywon,A.,Kraberger,S.,Wojciechowski,M.,Cobb,I.,Varsani,A.	2020-02-10T00:00:00Z								Opuntia virus 1		2706523
MN100004.1			COMPLETE		USA	North America								Opuntia rufida		867501	true				2018	DBG_26	plant tissue		2960				6		2020-02-10T00:00:00Z	GenBank		Arizona State University - The Biodesign Institute, Center for Fundamental and Applied Metagenomics	USA	Fontenele,R.S.,Schmidlin,K.,Majure,L.,Salywon,A.,Kraberger,S.,Wojciechowski,M.,Cobb,I.,Varsani,A.	2020-02-10T00:00:00Z								Opuntia virus 1		2706523
MN100003.1			COMPLETE		USA	North America								Opuntia echios var. echios		412454	true				2017	DBG_14_4	plant tissue		2948				6		2020-02-10T00:00:00Z	GenBank		Arizona State University - The Biodesign Institute, Center for Fundamental and Applied Metagenomics	USA	Fontenele,R.S.,Schmidlin,K.,Majure,L.,Salywon,A.,Kraberger,S.,Wojciechowski,M.,Cobb,I.,Varsani,A.	2020-02-10T00:00:00Z								Opuntia virus 1		2706523
MN100002.1			COMPLETE		USA	North America								Opuntia echios var. echios		412454	true				2017	DBG_14_3	plant tissue		2945				6		2020-02-10T00:00:00Z	GenBank		Arizona State University - The Biodesign Institute, Center for Fundamental and Applied Metagenomics	USA	Fontenele,R.S.,Schmidlin,K.,Majure,L.,Salywon,A.,Kraberger,S.,Wojciechowski,M.,Cobb,I.,Varsani,A.	2020-02-10T00:00:00Z								Opuntia virus 1		2706523
MN100001.1			COMPLETE		USA	North America								Opuntia echios var. echios		412454	true				2017	DBG_14_2	plant tissue		2945				6		2020-02-10T00:00:00Z	GenBank		Arizona State University - The Biodesign Institute, Center for Fundamental and Applied Metagenomics	USA	Fontenele,R.S.,Schmidlin,K.,Majure,L.,Salywon,A.,Kraberger,S.,Wojciechowski,M.,Cobb,I.,Varsani,A.	2020-02-10T00:00:00Z								Opuntia virus 1		2706523
MN100000.1			COMPLETE		USA	North America								Opuntia echios var. echios		412454	true				2017	DBG_14_1	plant tissue		2945				6		2020-02-10T00:00:00Z	GenBank		Arizona State University - The Biodesign Institute, Center for Fundamental and Applied Metagenomics	USA	Fontenele,R.S.,Schmidlin,K.,Majure,L.,Salywon,A.,Kraberger,S.,Wojciechowski,M.,Cobb,I.,Varsani,A.	2020-02-10T00:00:00Z								Opuntia virus 1		2706523
MN099999.1			COMPLETE		USA	North America								Opuntia robusta		515226	true				2018	DBG34	plant tissue		2945				6		2020-02-10T00:00:00Z	GenBank		Arizona State University - The Biodesign Institute, Center for Fundamental and Applied Metagenomics	USA	Fontenele,R.S.,Schmidlin,K.,Majure,L.,Salywon,A.,Kraberger,S.,Wojciechowski,M.,Cobb,I.,Varsani,A.	2020-02-10T00:00:00Z								Opuntia virus 1		2706523
MN099998.1			COMPLETE		USA	North America								Opuntia brasiliensis		2706542	true				2017	DBG13_1987	plant tissue		2945				6		2020-02-10T00:00:00Z	GenBank		Arizona State University - The Biodesign Institute, Center for Fundamental and Applied Metagenomics	USA	Fontenele,R.S.,Schmidlin,K.,Majure,L.,Salywon,A.,Kraberger,S.,Wojciechowski,M.,Cobb,I.,Varsani,A.	2020-02-10T00:00:00Z								Opuntia virus 1		2706523
MN099997.1			COMPLETE		USA	North America								Opuntia brasiliensis		2706542	true				2017	DBG13_9	plant tissue		2961				6		2020-02-10T00:00:00Z	GenBank		Arizona State University - The Biodesign Institute, Center for Fundamental and Applied Metagenomics	USA	Fontenele,R.S.,Schmidlin,K.,Majure,L.,Salywon,A.,Kraberger,S.,Wojciechowski,M.,Cobb,I.,Varsani,A.	2020-02-10T00:00:00Z								Opuntia virus 1		2706523
MN099996.1			COMPLETE		USA	North America								Opuntia brasiliensis		2706542	true				2017	DBG13_5	plant tissue		2961				6		2020-02-10T00:00:00Z	GenBank		Arizona State University - The Biodesign Institute, Center for Fundamental and Applied Metagenomics	USA	Fontenele,R.S.,Schmidlin,K.,Majure,L.,Salywon,A.,Kraberger,S.,Wojciechowski,M.,Cobb,I.,Varsani,A.	2020-02-10T00:00:00Z								Opuntia virus 1		2706523
MN099995.1			COMPLETE		USA	North America								Opuntia cespitosa		1041225	true				2017	DBG10_2562	plant tissue		2961				6		2020-02-10T00:00:00Z	GenBank		Arizona State University - The Biodesign Institute, Center for Fundamental and Applied Metagenomics	USA	Fontenele,R.S.,Schmidlin,K.,Majure,L.,Salywon,A.,Kraberger,S.,Wojciechowski,M.,Cobb,I.,Varsani,A.	2020-02-10T00:00:00Z								Opuntia virus 1		2706523
MN099994.1			COMPLETE		USA	North America								Opuntia cespitosa		1041225	true				2017	DBG10_2558	plant tissue		2962				6		2020-02-10T00:00:00Z	GenBank		Arizona State University - The Biodesign Institute, Center for Fundamental and Applied Metagenomics	USA	Fontenele,R.S.,Schmidlin,K.,Majure,L.,Salywon,A.,Kraberger,S.,Wojciechowski,M.,Cobb,I.,Varsani,A.	2020-02-10T00:00:00Z								Opuntia virus 1		2706523
MN099993.1			COMPLETE		USA	North America								Opuntia cespitosa		1041225	true				2017	DBG10_1972	plant tissue		2961				6		2020-02-10T00:00:00Z	GenBank		Arizona State University - The Biodesign Institute, Center for Fundamental and Applied Metagenomics	USA	Fontenele,R.S.,Schmidlin,K.,Majure,L.,Salywon,A.,Kraberger,S.,Wojciechowski,M.,Cobb,I.,Varsani,A.	2020-02-10T00:00:00Z								Opuntia virus 1		2706523
MN099992.1			COMPLETE		USA	North America								Opuntia cespitosa		1041225	true				2017	DBG10_149	plant tissue		2945				6		2020-02-10T00:00:00Z	GenBank		Arizona State University - The Biodesign Institute, Center for Fundamental and Applied Metagenomics	USA	Fontenele,R.S.,Schmidlin,K.,Majure,L.,Salywon,A.,Kraberger,S.,Wojciechowski,M.,Cobb,I.,Varsani,A.	2020-02-10T00:00:00Z								Opuntia virus 1		2706523
MN099991.1			COMPLETE		USA	North America								Opuntia cespitosa		1041225	true				2017	DBG10_9	plant tissue		2962				6		2020-02-10T00:00:00Z	GenBank		Arizona State University - The Biodesign Institute, Center for Fundamental and Applied Metagenomics	USA	Fontenele,R.S.,Schmidlin,K.,Majure,L.,Salywon,A.,Kraberger,S.,Wojciechowski,M.,Cobb,I.,Varsani,A.	2020-02-10T00:00:00Z								Opuntia virus 1		2706523
MN099990.1			COMPLETE		USA	North America								Opuntia cespitosa		1041225	true				2017	DBG10_5	plant tissue		2961				6		2020-02-10T00:00:00Z	GenBank		Arizona State University - The Biodesign Institute, Center for Fundamental and Applied Metagenomics	USA	Fontenele,R.S.,Schmidlin,K.,Majure,L.,Salywon,A.,Kraberger,S.,Wojciechowski,M.,Cobb,I.,Varsani,A.	2020-02-10T00:00:00Z								Opuntia virus 1		2706523
MN099989.1			COMPLETE		USA	North America								Opuntia		106975	true				2017	Cacti_2_2	plant tissue		2940				6		2020-02-10T00:00:00Z	GenBank		Arizona State University - The Biodesign Institute, Center for Fundamental and Applied Metagenomics	USA	Fontenele,R.S.,Schmidlin,K.,Majure,L.,Salywon,A.,Kraberger,S.,Wojciechowski,M.,Cobb,I.,Varsani,A.	2020-02-10T00:00:00Z								Opuntia virus 1		2706523
MN099988.1			COMPLETE		USA	North America								Opuntia		106975	true				2017	Cacti_2_1	plant tissue		2940				6		2020-02-10T00:00:00Z	GenBank		Arizona State University - The Biodesign Institute, Center for Fundamental and Applied Metagenomics	USA	Fontenele,R.S.,Schmidlin,K.,Majure,L.,Salywon,A.,Kraberger,S.,Wojciechowski,M.,Cobb,I.,Varsani,A.	2020-02-10T00:00:00Z								Opuntia virus 1		2706523
MN099987.1			COMPLETE		USA	North America								Opuntia stenopetala		760567	true				2015	2014_5	plant tissue		2948				6		2020-02-10T00:00:00Z	GenBank		Arizona State University - The Biodesign Institute, Center for Fundamental and Applied Metagenomics	USA	Fontenele,R.S.,Schmidlin,K.,Majure,L.,Salywon,A.,Kraberger,S.,Wojciechowski,M.,Cobb,I.,Varsani,A.	2020-02-10T00:00:00Z								Opuntia virus 1		2706523
MN099986.1			COMPLETE		USA	North America								Opuntia stenopetala		760567	true				2015	2014_4	plant tissue		2945				6		2020-02-10T00:00:00Z	GenBank		Arizona State University - The Biodesign Institute, Center for Fundamental and Applied Metagenomics	USA	Fontenele,R.S.,Schmidlin,K.,Majure,L.,Salywon,A.,Kraberger,S.,Wojciechowski,M.,Cobb,I.,Varsani,A.	2020-02-10T00:00:00Z								Opuntia virus 1		2706523
MN099985.1			COMPLETE		USA	North America								Opuntia stenopetala		760567	true				2015	2014_3	plant tissue		2945				6		2020-02-10T00:00:00Z	GenBank		Arizona State University - The Biodesign Institute, Center for Fundamental and Applied Metagenomics	USA	Fontenele,R.S.,Schmidlin,K.,Majure,L.,Salywon,A.,Kraberger,S.,Wojciechowski,M.,Cobb,I.,Varsani,A.	2020-02-10T00:00:00Z								Opuntia virus 1		2706523
MN099984.1			COMPLETE		USA	North America								Opuntia stenopetala		760567	true				2015	2014_2	plant tissue		2948				6		2020-02-10T00:00:00Z	GenBank		Arizona State University - The Biodesign Institute, Center for Fundamental and Applied Metagenomics	USA	Fontenele,R.S.,Schmidlin,K.,Majure,L.,Salywon,A.,Kraberger,S.,Wojciechowski,M.,Cobb,I.,Varsani,A.	2020-02-10T00:00:00Z								Opuntia virus 1		2706523
MN099983.1			COMPLETE		USA	North America								Opuntia stenopetala		760567	true				2015	2014_1	plant tissue		2948				6		2020-02-10T00:00:00Z	GenBank		Arizona State University - The Biodesign Institute, Center for Fundamental and Applied Metagenomics	USA	Fontenele,R.S.,Schmidlin,K.,Majure,L.,Salywon,A.,Kraberger,S.,Wojciechowski,M.,Cobb,I.,Varsani,A.	2020-02-10T00:00:00Z								Opuntia virus 1		2706523
MN099982.1			COMPLETE		USA	North America								Lophocereus schottii		153875	true				2015	2013_3	plant tissue		2945				6		2020-02-10T00:00:00Z	GenBank		Arizona State University - The Biodesign Institute, Center for Fundamental and Applied Metagenomics	USA	Fontenele,R.S.,Schmidlin,K.,Majure,L.,Salywon,A.,Kraberger,S.,Wojciechowski,M.,Cobb,I.,Varsani,A.	2020-02-10T00:00:00Z								Opuntia virus 1		2706523
MN099981.1			COMPLETE		USA	North America								Lophocereus schottii		153875	true				2015	2013_2	plant tissue		2945				6		2020-02-10T00:00:00Z	GenBank		Arizona State University - The Biodesign Institute, Center for Fundamental and Applied Metagenomics	USA	Fontenele,R.S.,Schmidlin,K.,Majure,L.,Salywon,A.,Kraberger,S.,Wojciechowski,M.,Cobb,I.,Varsani,A.	2020-02-10T00:00:00Z								Opuntia virus 1		2706523
MN099980.1			COMPLETE		USA	North America								Opuntia		106975	true				2018	S19_89	plant tissue		2947				6		2020-02-10T00:00:00Z	GenBank		Arizona State University - The Biodesign Institute, Center for Fundamental and Applied Metagenomics	USA	Fontenele,R.S.,Schmidlin,K.,Majure,L.,Salywon,A.,Kraberger,S.,Wojciechowski,M.,Cobb,I.,Varsani,A.	2020-02-10T00:00:00Z								Opuntia virus 1		2706523
MN099979.1			COMPLETE		USA	North America								Opuntia santa-rita		1041265	true				2018	S18_8	plant tissue		2945				6		2020-02-10T00:00:00Z	GenBank		Arizona State University - The Biodesign Institute, Center for Fundamental and Applied Metagenomics	USA	Fontenele,R.S.,Schmidlin,K.,Majure,L.,Salywon,A.,Kraberger,S.,Wojciechowski,M.,Cobb,I.,Varsani,A.	2020-02-10T00:00:00Z								Opuntia virus 1		2706523
MN099978.1			COMPLETE		USA	North America								Opuntia engelmannii		867486	true				2018	S18_1	plant tissue		2951				6		2020-02-10T00:00:00Z	GenBank		Arizona State University - The Biodesign Institute, Center for Fundamental and Applied Metagenomics	USA	Fontenele,R.S.,Schmidlin,K.,Majure,L.,Salywon,A.,Kraberger,S.,Wojciechowski,M.,Cobb,I.,Varsani,A.	2020-02-10T00:00:00Z								Opuntia virus 1		2706523
MN099977.1			COMPLETE		USA	North America								Cylindropuntia spinosior		866988	true				2018	DBG_86	plant tissue		2945				6		2020-02-10T00:00:00Z	GenBank		Arizona State University - The Biodesign Institute, Center for Fundamental and Applied Metagenomics	USA	Fontenele,R.S.,Schmidlin,K.,Majure,L.,Salywon,A.,Kraberger,S.,Wojciechowski,M.,Cobb,I.,Varsani,A.	2020-02-10T00:00:00Z								Opuntia virus 1		2706523
MN099976.1			COMPLETE		USA	North America								Opuntia rufida		867501	true				2018	DBG_72	plant tissue		2945				6		2020-02-10T00:00:00Z	GenBank		Arizona State University - The Biodesign Institute, Center for Fundamental and Applied Metagenomics	USA	Fontenele,R.S.,Schmidlin,K.,Majure,L.,Salywon,A.,Kraberger,S.,Wojciechowski,M.,Cobb,I.,Varsani,A.	2020-02-10T00:00:00Z								Opuntia virus 1		2706523
MN099975.1			COMPLETE		USA	North America								Opuntia basilaris		549777	true				2018	DBG_58	plant tissue		2945				6		2020-02-10T00:00:00Z	GenBank		Arizona State University - The Biodesign Institute, Center for Fundamental and Applied Metagenomics	USA	Fontenele,R.S.,Schmidlin,K.,Majure,L.,Salywon,A.,Kraberger,S.,Wojciechowski,M.,Cobb,I.,Varsani,A.	2020-02-10T00:00:00Z								Opuntia virus 1		2706523
MN099974.1			COMPLETE		USA	North America								Opuntia basilaris		549777	true				2018	DBG_57_2	plant tissue		2947				6		2020-02-10T00:00:00Z	GenBank		Arizona State University - The Biodesign Institute, Center for Fundamental and Applied Metagenomics	USA	Fontenele,R.S.,Schmidlin,K.,Majure,L.,Salywon,A.,Kraberger,S.,Wojciechowski,M.,Cobb,I.,Varsani,A.	2020-02-10T00:00:00Z								Opuntia virus 1		2706523
MN099973.1			COMPLETE		USA	North America								Opuntia basilaris		549777	true				2018	DBG_57	plant tissue		2947				6		2020-02-10T00:00:00Z	GenBank		Arizona State University - The Biodesign Institute, Center for Fundamental and Applied Metagenomics	USA	Fontenele,R.S.,Schmidlin,K.,Majure,L.,Salywon,A.,Kraberger,S.,Wojciechowski,M.,Cobb,I.,Varsani,A.	2020-02-10T00:00:00Z								Opuntia virus 1		2706523
MN099972.1			COMPLETE		USA	North America								Opuntia basilaris		549777	true				2018	DBG_56	plant tissue		2945				6		2020-02-10T00:00:00Z	GenBank		Arizona State University - The Biodesign Institute, Center for Fundamental and Applied Metagenomics	USA	Fontenele,R.S.,Schmidlin,K.,Majure,L.,Salywon,A.,Kraberger,S.,Wojciechowski,M.,Cobb,I.,Varsani,A.	2020-02-10T00:00:00Z								Opuntia virus 1		2706523
MN099971.1			COMPLETE		USA	North America								Opuntia engelmannii		867486	true				2018	DBG_42_3	plant tissue		2962				6		2020-02-10T00:00:00Z	GenBank		Arizona State University - The Biodesign Institute, Center for Fundamental and Applied Metagenomics	USA	Fontenele,R.S.,Schmidlin,K.,Majure,L.,Salywon,A.,Kraberger,S.,Wojciechowski,M.,Cobb,I.,Varsani,A.	2020-02-10T00:00:00Z								Opuntia virus 1		2706523
MN099970.1			COMPLETE		USA	North America								Opuntia phaeacantha		176270	true				2019	DBG90	plant tissue		2945				6		2020-02-10T00:00:00Z	GenBank		Arizona State University - The Biodesign Institute, Center for Fundamental and Applied Metagenomics	USA	Fontenele,R.S.,Schmidlin,K.,Majure,L.,Salywon,A.,Kraberger,S.,Wojciechowski,M.,Cobb,I.,Varsani,A.	2020-02-10T00:00:00Z								Opuntia virus 1		2706523
MN099969.1			COMPLETE		USA	North America								Opuntia		106975	true				2018	DBG88	plant tissue		2945				6		2020-02-10T00:00:00Z	GenBank		Arizona State University - The Biodesign Institute, Center for Fundamental and Applied Metagenomics	USA	Fontenele,R.S.,Schmidlin,K.,Majure,L.,Salywon,A.,Kraberger,S.,Wojciechowski,M.,Cobb,I.,Varsani,A.	2020-02-10T00:00:00Z								Opuntia virus 1		2706523
MN099968.1			COMPLETE		USA	North America								Cylindropuntia spinosior		866988	true				2018	DBG86	plant tissue		2945				6		2020-02-10T00:00:00Z	GenBank		Arizona State University - The Biodesign Institute, Center for Fundamental and Applied Metagenomics	USA	Fontenele,R.S.,Schmidlin,K.,Majure,L.,Salywon,A.,Kraberger,S.,Wojciechowski,M.,Cobb,I.,Varsani,A.	2020-02-10T00:00:00Z								Opuntia virus 1		2706523
MN099967.1			COMPLETE		USA	North America								Cylindropuntia echinocarpa		866980	true				2018	DBG80	plant tissue		2945				6		2020-02-10T00:00:00Z	GenBank		Arizona State University - The Biodesign Institute, Center for Fundamental and Applied Metagenomics	USA	Fontenele,R.S.,Schmidlin,K.,Majure,L.,Salywon,A.,Kraberger,S.,Wojciechowski,M.,Cobb,I.,Varsani,A.	2020-02-10T00:00:00Z								Opuntia virus 1		2706523
MN099966.1			COMPLETE		USA	North America								Opuntia basilaris		549777	true				2018	DBG75	plant tissue		2945				6		2020-02-10T00:00:00Z	GenBank		Arizona State University - The Biodesign Institute, Center for Fundamental and Applied Metagenomics	USA	Fontenele,R.S.,Schmidlin,K.,Majure,L.,Salywon,A.,Kraberger,S.,Wojciechowski,M.,Cobb,I.,Varsani,A.	2020-02-10T00:00:00Z								Opuntia virus 1		2706523
MN099965.1			COMPLETE		USA	North America								Opuntia robusta		515226	true				2018	DBG74	plant tissue		2945				6		2020-02-10T00:00:00Z	GenBank		Arizona State University - The Biodesign Institute, Center for Fundamental and Applied Metagenomics	USA	Fontenele,R.S.,Schmidlin,K.,Majure,L.,Salywon,A.,Kraberger,S.,Wojciechowski,M.,Cobb,I.,Varsani,A.	2020-02-10T00:00:00Z								Opuntia virus 1		2706523
MN099964.1			COMPLETE		Mexico	North America								Opuntia santa-rita		1041265	true				2002	ASUH_20	plant tissue		2945				6		2020-02-10T00:00:00Z	GenBank		Arizona State University - The Biodesign Institute, Center for Fundamental and Applied Metagenomics	USA	Fontenele,R.S.,Schmidlin,K.,Majure,L.,Salywon,A.,Kraberger,S.,Wojciechowski,M.,Cobb,I.,Varsani,A.	2020-02-10T00:00:00Z								Opuntia virus 1		2706523
MN099963.1			COMPLETE		USA	North America								Opuntia engelmannii		867486	true				2010	ASUH_16	plant tissue		2945				6		2020-02-10T00:00:00Z	GenBank		Arizona State University - The Biodesign Institute, Center for Fundamental and Applied Metagenomics	USA	Fontenele,R.S.,Schmidlin,K.,Majure,L.,Salywon,A.,Kraberger,S.,Wojciechowski,M.,Cobb,I.,Varsani,A.	2020-02-10T00:00:00Z								Opuntia virus 1		2706523
MN099962.1			COMPLETE		Mexico	North America								Opuntia tapona		867503	true				2002	ASUH_12	plant tissue		2945				6		2020-02-10T00:00:00Z	GenBank		Arizona State University - The Biodesign Institute, Center for Fundamental and Applied Metagenomics	USA	Fontenele,R.S.,Schmidlin,K.,Majure,L.,Salywon,A.,Kraberger,S.,Wojciechowski,M.,Cobb,I.,Varsani,A.	2020-02-10T00:00:00Z								Opuntia virus 1		2706523
MN099961.1			COMPLETE		USA	North America								Cylindropuntia		701510	true				2018	ASU_PP2	plant tissue		2947				6		2020-02-10T00:00:00Z	GenBank		Arizona State University - The Biodesign Institute, Center for Fundamental and Applied Metagenomics	USA	Fontenele,R.S.,Schmidlin,K.,Majure,L.,Salywon,A.,Kraberger,S.,Wojciechowski,M.,Cobb,I.,Varsani,A.	2020-02-10T00:00:00Z								Opuntia virus 1		2706523
MN099960.1			COMPLETE		USA	North America								Lophocereus schottii		153875	true				2015	2013_1	plant tissue		2945				6		2020-02-10T00:00:00Z	GenBank		Arizona State University - The Biodesign Institute, Center for Fundamental and Applied Metagenomics	USA	Fontenele,R.S.,Schmidlin,K.,Majure,L.,Salywon,A.,Kraberger,S.,Wojciechowski,M.,Cobb,I.,Varsani,A.	2020-02-10T00:00:00Z								Opuntia virus 1		2706523
